Jurisdiction,Month,Year,Number,Data Qualifier
Alberta,Unspecified,2021,1342,e
Alberta,July,2004,658,a
Alberta,June,2002,588,a
Alberta,July,2006,546,a
Alberta,August,1998,540,a
Alberta,May,2013,529,a
Alberta,July,2010,506,a
Alberta,May,2015,505,a
Alberta,June,2015,504,a
Alberta,May,2009,493,a
Alberta,May,2012,456,a
Alberta,May,2018,454,a
Alberta,June,2009,454,a
Alberta,July,1990,446,a
Alberta,May,2005,443,a
Alberta,May,2008,438,a
Alberta,August,1999,427,a
Alberta,July,2008,414,a
Alberta,May,1998,412,a
Alberta,July,2012,410,a
Alberta,July,2007,410,a
Alberta,May,2011,405,a
Alberta,June,2016,402,a
Alberta,May,2006,399,a
Alberta,May,2010,381,a
Alberta,August,1990,381,a
Alberta,May,2014,360,a
Alberta,July,2002,358,a
Alberta,April,2006,355,a
Alberta,June,2006,354,a
Alberta,June,2010,349,a
Alberta,May,2017,348,a
Alberta,June,2008,342,a
Alberta,June,1993,342,a
Alberta,August,1992,339,a
Alberta,April,2010,338,a
Alberta,June,2018,337,a
Alberta,July,2014,330,a
Alberta,July,2003,328,a
Alberta,July,2015,318,a
Alberta,May,2019,315,a
Alberta,May,2004,300,a
Alberta,May,2001,292,a
Alberta,April,2016,287,a
Alberta,July,2017,285,a
Alberta,June,2005,283,a
Alberta,June,2004,283,a
Alberta,June,2014,282,a
Alberta,July,1999,280,a
Alberta,April,2015,277,a
Alberta,June,1998,273,a
Alberta,August,2012,272,a
Alberta,June,1995,272,a
Alberta,May,2003,267,a
Alberta,August,2017,264,a
Alberta,June,2007,264,a
Alberta,May,2002,264,a
Alberta,August,2014,263,a
Alberta,June,2000,261,a
Alberta,August,2003,257,a
Alberta,May,2016,250,a
Alberta,July,2005,250,a
Alberta,May,1993,242,a
Alberta,August,1991,239,a
Alberta,May,2007,238,a
Alberta,June,1994,231,a
Alberta,April,2004,230,a
Alberta,July,1992,226,a
Alberta,July,1994,223,a
Alberta,July,2016,221,a
Alberta,August,2008,221,a
Alberta,July,2019,219,a
Alberta,June,2003,215,a
Alberta,May,1995,215,a
Alberta,June,1990,214,a
Alberta,June,1999,213,a
Alberta,July,2013,211,a
Alberta,May,2020,209,a
Alberta,August,2020,208,a
Alberta,April,2005,205,a
Alberta,July,2001,201,a
Alberta,May,1991,201,a
Alberta,July,2000,197,a
Alberta,July,1998,196,a
Alberta,April,2019,188,a
Alberta,June,2001,184,a
Alberta,June,2019,180,a
Alberta,August,2013,180,a
Alberta,August,2009,179,a
Alberta,August,2018,178,a
Alberta,June,2017,176,a
Alberta,July,2011,174,a
Alberta,August,2010,174,a
Alberta,September,2009,174,a
Alberta,September,2012,170,a
Alberta,July,2009,170,a
Alberta,July,2018,166,a
Alberta,August,2007,163,a
Alberta,August,2015,162,a
Alberta,August,2011,160,a
Alberta,August,2006,154,a
Alberta,April,1998,152,a
Alberta,July,1997,148,a
Alberta,June,1992,147,a
Alberta,September,2006,141,a
Alberta,April,2011,140,a
Alberta,April,2000,139,a
Alberta,September,2013,135,a
Alberta,September,2011,135,a
Alberta,April,1999,133,a
Alberta,June,2013,132,a
Alberta,May,1994,132,a
Alberta,April,2007,129,a
Alberta,August,2016,128,a
Alberta,April,2009,127,a
Alberta,July,1991,125,a
Alberta,June,2012,124,a
Alberta,June,1996,124,a
Alberta,April,2012,123,a
Alberta,August,2004,122,a
Alberta,August,2002,122,a
Alberta,May,1999,121,a
Alberta,May,1997,120,a
Alberta,August,1994,118,a
Alberta,September,1990,117,a
Alberta,June,2011,115,a
Alberta,September,2014,114,a
Alberta,June,1991,114,a
Alberta,May,1990,114,a
Alberta,May,2000,112,a
Alberta,July,1993,112,a
Alberta,April,1991,111,a
Alberta,April,1992,110,a
Alberta,April,2008,103,a
Alberta,April,2017,101,a
Alberta,April,2018,97,a
Alberta,July,1995,97,a
Alberta,August,2001,91,a
Alberta,May,1992,91,a
Alberta,August,2005,89,a
Alberta,July,1996,89,a
Alberta,October,2008,87,a
Alberta,September,2016,85,a
Alberta,October,1999,84,a
Alberta,September,1998,84,a
Alberta,June,2020,83,a
Alberta,September,1994,83,a
Alberta,September,2020,82,a
Alberta,April,2014,81,a
Alberta,April,2001,79,a
Alberta,August,1997,79,a
Alberta,July,2020,78,a
Alberta,August,2019,78,a
Alberta,September,2017,77,a
Alberta,August,1996,76,a
Alberta,September,2008,75,a
Alberta,August,2000,74,a
Alberta,April,2020,68,a
Alberta,September,2007,66,a
Alberta,October,1991,66,a
Alberta,September,2005,65,a
Alberta,April,1994,64,a
Alberta,September,2018,62,a
Alberta,March,2016,62,a
Alberta,October,2015,62,a
Alberta,October,2010,62,a
Alberta,March,1992,61,a
Alberta,September,2002,60,a
Alberta,October,1998,60,a
Alberta,October,2007,59,a
Alberta,September,2003,59,a
Alberta,September,1995,58,a
Alberta,October,2003,57,a
Alberta,April,1995,57,a
Alberta,October,2006,56,a
Alberta,October,2001,56,a
Alberta,May,1996,56,a
Alberta,September,2015,55,a
Alberta,September,2001,55,a
Alberta,September,1991,54,a
Alberta,October,2018,53,a
Alberta,Unspecified,2008,52,a
Alberta,April,1993,52,a
Alberta,March,2006,50,a
Alberta,October,2020,49,a
Alberta,October,2017,49,a
Alberta,September,2010,49,a
Alberta,March,2010,48,a
Alberta,September,1999,46,a
Alberta,October,2009,45,a
Alberta,October,2011,44,a
Alberta,September,2004,43,a
Alberta,October,2012,40,a
Alberta,October,2014,39,a
Alberta,April,2013,37,a
Alberta,October,2005,35,a
Alberta,April,2002,35,a
Alberta,August,1993,35,a
Alberta,March,2019,34,a
Alberta,April,2003,34,a
Alberta,June,1997,34,a
Alberta,October,1990,34,a
Alberta,October,1995,33,a
Alberta,March,2015,32,a
Alberta,March,2012,32,a
Alberta,December,1997,32,a
Alberta,September,2019,30,a
Alberta,November,2005,30,a
Alberta,March,2000,30,a
Alberta,November,1994,30,a
Alberta,November,2011,29,a
Alberta,November,1999,29,a
Alberta,March,1995,29,a
Alberta,March,1993,29,a
Alberta,October,1992,29,a
Alberta,March,2001,28,a
Alberta,December,1999,28,a
Alberta,October,2004,27,a
Alberta,October,2013,26,a
Alberta,November,2010,26,a
Alberta,November,2007,26,a
Alberta,April,1996,26,a
Alberta,August,1995,26,a
Alberta,April,1990,26,a
Alberta,October,1994,25,a
Alberta,April,1997,24,a
Alberta,November,2015,23,a
Alberta,November,2008,23,a
Alberta,Unspecified,2009,22,a
Alberta,January,2006,22,a
Alberta,October,2002,22,a
Alberta,November,2001,22,a
Alberta,November,2002,21,a
Alberta,March,2008,20,a
Alberta,March,2018,19,a
Alberta,February,2006,19,a
Alberta,October,1993,19,a
Alberta,October,2019,17,a
Alberta,January,2019,17,a
Alberta,November,2009,17,a
Alberta,September,1997,17,a
Alberta,September,1993,17,a
Alberta,October,2000,16,a
Alberta,November,1990,16,a
Alberta,November,2014,15,a
Alberta,November,2013,15,a
Alberta,November,1992,15,a
Alberta,March,2017,14,a
Alberta,October,2016,14,a
Alberta,January,2012,14,a
Alberta,November,2003,14,a
Alberta,January,2003,14,a
Alberta,September,1996,14,a
Alberta,September,1992,14,a
Alberta,January,1992,14,a
Alberta,November,2016,13,a
Alberta,February,2016,12,a
Alberta,January,2008,12,a
Alberta,September,2000,12,a
Alberta,March,1994,12,a
Alberta,February,1993,12,a
Alberta,March,2014,11,a
Alberta,February,2009,11,a
Alberta,February,1992,11,a
Alberta,December,2009,10,a
Alberta,January,2002,10,a
Alberta,December,2001,10,a
Alberta,November,1998,10,a
Alberta,January,1995,10,a
Alberta,November,2020,9,a
Alberta,November,2018,9,a
Alberta,January,2014,9,a
Alberta,March,2013,9,a
Alberta,March,2007,9,a
Alberta,December,2005,9,a
Alberta,March,2004,9,a
Alberta,January,2000,9,a
Alberta,December,1998,9,a
Alberta,December,1994,9,a
Alberta,January,1991,9,a
Alberta,December,2020,8,a
Alberta,December,2015,8,a
Alberta,January,2009,8,a
Alberta,February,2005,8,a
Alberta,February,2000,8,a
Alberta,January,1993,8,a
Alberta,March,1991,8,a
Alberta,March,1990,8,a
Alberta,January,2016,7,a
Alberta,January,2010,7,a
Alberta,December,2003,7,a
Alberta,October,1996,7,a
Alberta,November,1993,7,a
Alberta,December,1991,7,a
Alberta,February,2010,6,a
Alberta,January,2007,6,a
Alberta,November,2006,6,a
Alberta,December,2002,6,a
Alberta,March,1999,6,a
Alberta,February,1995,6,a
Alberta,November,1991,6,a
Alberta,November,2017,5,a
Alberta,March,2009,5,a
Alberta,December,2007,5,a
Alberta,December,2006,5,a
Alberta,November,2000,5,a
Alberta,November,1995,5,a
Alberta,February,1990,5,a
Alberta,March,2020,4,a
Alberta,January,2018,4,a
Alberta,February,2017,4,a
Alberta,January,2017,4,a
Alberta,December,2016,4,a
Alberta,February,2015,4,a
Alberta,December,2008,4,a
Alberta,February,2008,4,a
Alberta,March,2005,4,a
Alberta,January,2005,4,a
Alberta,February,2003,4,a
Alberta,February,2002,4,a
Alberta,January,2001,4,a
Alberta,January,1999,4,a
Alberta,March,1997,4,a
Alberta,January,1994,4,a
Alberta,December,1992,4,a
Alberta,February,1991,4,a
Alberta,December,1990,4,a
Alberta,December,2018,3,a
Alberta,December,2017,3,a
Alberta,February,2013,3,a
Alberta,February,2012,3,a
Alberta,December,2011,3,a
Alberta,December,2010,3,a
Alberta,February,2007,3,a
Alberta,November,2004,3,a
Alberta,February,2004,3,a
Alberta,January,2004,3,a
Alberta,March,2002,3,a
Alberta,October,1997,3,a
Alberta,January,2015,2,a
Alberta,December,2014,2,a
Alberta,November,2012,2,a
Alberta,January,2011,2,a
Alberta,December,2004,2,a
Alberta,February,2001,2,a
Alberta,March,1998,2,a
Alberta,December,1996,2,a
Alberta,November,1996,2,a
Alberta,February,2020,1,a
Alberta,January,2020,1,a
Alberta,December,2019,1,a
Alberta,November,2019,1,a
Alberta,February,2019,1,a
Alberta,December,2013,1,a
Alberta,January,2013,1,a
Alberta,March,2011,1,a
Alberta,March,2003,1,a
Alberta,December,2000,1,a
Alberta,November,1997,1,a
Alberta,January,1997,1,a
Alberta,March,1996,1,a
Alberta,January,1996,1,a
Alberta,December,1993,1,a
Alberta,January,1990,1,a
British Columbia,August,1994,2118,a
British Columbia,August,1992,1803,a
British Columbia,Unspecified,2021,1635,e
British Columbia,August,1990,1563,a
British Columbia,July,2009,1191,a
British Columbia,August,2003,1132,a
British Columbia,July,2006,1086,a
British Columbia,July,1994,1030,a
British Columbia,August,2013,999,a
British Columbia,August,1998,870,a
British Columbia,July,2010,826,a
British Columbia,August,2008,780,a
British Columbia,July,1990,775,a
British Columbia,August,2018,766,a
British Columbia,August,2004,719,a
British Columbia,June,1992,705,a
British Columbia,July,2018,684,a
British Columbia,July,1998,674,a
British Columbia,August,2012,642,a
British Columbia,June,2004,637,a
British Columbia,August,2009,632,a
British Columbia,July,2004,630,a
British Columbia,July,2007,624,a
British Columbia,July,2017,622,a
British Columbia,August,2000,618,a
British Columbia,July,2008,596,a
British Columbia,August,2002,596,a
British Columbia,August,1991,573,a
British Columbia,July,2003,562,a
British Columbia,July,2015,538,a
British Columbia,August,1999,522,a
British Columbia,August,2007,518,a
British Columbia,August,1997,514,a
British Columbia,August,2006,507,a
British Columbia,August,2014,502,a
British Columbia,July,1992,493,a
British Columbia,August,1996,489,a
British Columbia,July,2014,485,a
British Columbia,September,1998,473,a
British Columbia,June,2009,459,a
British Columbia,July,1996,452,a
British Columbia,June,2015,443,a
British Columbia,July,2012,417,a
British Columbia,July,2002,410,a
British Columbia,August,2015,404,a
British Columbia,July,2000,399,a
British Columbia,August,2010,392,a
British Columbia,July,2013,367,a
British Columbia,September,2009,337,a
British Columbia,September,1990,336,a
British Columbia,July,2001,329,a
British Columbia,June,2018,327,a
British Columbia,August,2016,325,a
British Columbia,May,1993,322,a
British Columbia,May,1995,316,a
British Columbia,May,2015,309,a
British Columbia,August,2017,306,a
British Columbia,September,1993,300,a
British Columbia,July,1991,296,a
British Columbia,June,1991,291,a
British Columbia,September,2006,285,a
British Columbia,August,2020,283,a
British Columbia,June,1995,281,a
British Columbia,July,1995,277,a
British Columbia,May,2005,275,a
British Columbia,August,1993,274,a
British Columbia,June,2003,272,a
British Columbia,August,2001,262,a
British Columbia,May,1998,259,a
British Columbia,May,2001,257,a
British Columbia,August,2005,254,a
British Columbia,October,1991,248,a
British Columbia,June,2002,245,a
British Columbia,May,1992,243,a
British Columbia,September,1995,238,a
British Columbia,September,1994,238,a
British Columbia,May,1990,235,a
British Columbia,June,2006,233,a
British Columbia,August,2011,223,a
British Columbia,May,1994,212,a
British Columbia,July,2016,206,a
British Columbia,September,2012,205,a
British Columbia,April,1991,204,a
British Columbia,May,2006,203,a
British Columbia,September,2003,198,a
British Columbia,May,2009,197,a
British Columbia,September,1992,197,a
British Columbia,June,2019,194,a
British Columbia,May,1991,193,a
British Columbia,June,1993,189,a
British Columbia,April,1995,181,a
British Columbia,May,2018,178,a
British Columbia,April,2004,178,a
British Columbia,April,2006,176,a
British Columbia,July,1997,172,a
British Columbia,June,1994,172,a
British Columbia,September,1991,172,a
British Columbia,June,2008,170,a
British Columbia,May,2012,168,a
British Columbia,July,1999,168,a
British Columbia,April,2009,165,a
British Columbia,June,2016,164,a
British Columbia,September,1997,162,a
British Columbia,May,2008,161,a
British Columbia,May,2002,161,a
British Columbia,May,2007,159,a
British Columbia,April,2016,158,a
British Columbia,April,2000,157,a
British Columbia,July,2019,155,a
British Columbia,June,1996,155,a
British Columbia,April,1992,155,a
British Columbia,July,1993,153,a
British Columbia,April,1998,148,a
British Columbia,April,1990,147,a
British Columbia,July,2005,146,a
British Columbia,June,2017,145,a
British Columbia,May,2003,144,a
British Columbia,June,1998,143,a
British Columbia,April,1994,142,a
British Columbia,April,2002,140,a
British Columbia,May,2019,135,a
British Columbia,April,2010,135,a
British Columbia,September,2001,135,a
British Columbia,June,2014,132,a
British Columbia,June,2010,132,a
British Columbia,May,2004,132,a
British Columbia,September,2013,131,a
British Columbia,May,1997,131,a
British Columbia,April,2001,130,a
British Columbia,June,2000,129,a
British Columbia,May,2013,128,a
British Columbia,May,2016,127,a
British Columbia,August,2019,126,a
British Columbia,October,1992,126,a
British Columbia,September,2008,122,a
British Columbia,October,1993,119,a
British Columbia,June,1999,118,a
British Columbia,April,2008,117,a
British Columbia,April,2005,116,a
British Columbia,July,2020,115,a
British Columbia,September,2017,115,a
British Columbia,July,2011,115,a
British Columbia,September,2007,111,a
British Columbia,June,2007,109,a
British Columbia,September,1999,109,a
British Columbia,September,2002,108,a
British Columbia,April,2014,107,a
British Columbia,September,2011,107,a
British Columbia,May,2014,105,a
British Columbia,June,2013,101,a
British Columbia,April,2003,99,a
British Columbia,June,2001,98,a
British Columbia,September,2019,95,a
British Columbia,June,1997,95,a
British Columbia,June,1990,95,a
British Columbia,April,2020,92,a
British Columbia,April,1999,92,a
British Columbia,May,2017,91,a
British Columbia,May,2010,91,a
British Columbia,September,2014,90,a
British Columbia,June,2005,90,a
British Columbia,August,1995,90,a
British Columbia,April,2019,87,a
British Columbia,October,2002,86,a
British Columbia,September,2000,86,a
British Columbia,April,1997,86,a
British Columbia,April,2013,85,a
British Columbia,September,2005,84,a
British Columbia,October,2012,83,a
British Columbia,May,1999,83,a
British Columbia,April,2015,82,a
British Columbia,May,2000,82,a
British Columbia,October,1999,82,a
British Columbia,May,1996,82,a
British Columbia,October,2006,80,a
British Columbia,April,1993,77,a
British Columbia,April,2007,76,a
British Columbia,April,2012,74,a
British Columbia,October,1994,70,a
British Columbia,March,1992,70,a
British Columbia,June,2011,68,a
British Columbia,May,2011,67,a
British Columbia,May,2020,66,a
British Columbia,October,2008,66,a
British Columbia,March,1994,66,a
British Columbia,October,2017,64,a
British Columbia,September,1996,64,a
British Columbia,September,2020,62,a
British Columbia,March,1995,61,a
British Columbia,April,1996,60,a
British Columbia,October,1990,60,a
British Columbia,October,2001,59,a
British Columbia,June,2012,57,a
British Columbia,October,2010,54,a
British Columbia,September,2018,52,a
British Columbia,September,2010,52,a
British Columbia,April,2018,51,a
British Columbia,October,2000,51,a
British Columbia,October,2009,49,a
British Columbia,April,2011,48,a
British Columbia,October,2018,45,a
British Columbia,October,1998,44,a
British Columbia,September,2016,43,a
British Columbia,October,2013,43,a
British Columbia,March,2004,43,a
British Columbia,April,2017,40,a
British Columbia,October,2014,40,a
British Columbia,October,2003,40,a
British Columbia,September,2004,38,a
British Columbia,October,2011,37,a
British Columbia,October,2004,36,a
British Columbia,March,1990,35,a
British Columbia,March,1993,34,a
British Columbia,November,2002,32,a
British Columbia,June,2020,31,a
British Columbia,September,2015,31,a
British Columbia,March,2015,31,a
British Columbia,March,1996,31,a
British Columbia,March,2010,30,a
British Columbia,Unspecified,2009,30,a
British Columbia,March,2001,30,a
British Columbia,March,2019,27,a
British Columbia,March,2016,27,a
British Columbia,October,2015,27,a
British Columbia,March,1991,25,a
British Columbia,March,1998,24,a
British Columbia,March,2013,21,a
British Columbia,Unspecified,2008,20,a
British Columbia,March,2020,19,a
British Columbia,March,2009,19,a
British Columbia,March,2003,19,a
British Columbia,October,2007,18,a
British Columbia,Unspecified,1998,18,a
British Columbia,March,2007,17,a
British Columbia,March,2000,17,a
British Columbia,October,2019,16,a
British Columbia,November,2003,16,a
British Columbia,October,1996,16,a
British Columbia,February,1993,16,a
British Columbia,March,2005,15,a
British Columbia,October,1995,15,a
British Columbia,March,2018,14,a
British Columbia,October,2020,13,a
British Columbia,March,2008,13,a
British Columbia,November,2001,13,a
British Columbia,October,2016,12,a
British Columbia,November,2010,11,a
British Columbia,March,2017,10,a
British Columbia,March,2014,10,a
British Columbia,November,1993,10,a
British Columbia,March,2011,9,a
British Columbia,March,2006,9,a
British Columbia,February,2005,9,a
British Columbia,January,2009,8,a
British Columbia,October,2005,8,a
British Columbia,November,2000,8,a
British Columbia,December,1999,8,a
British Columbia,March,1999,8,a
British Columbia,November,2019,7,a
British Columbia,February,2016,7,a
British Columbia,February,2009,7,a
British Columbia,November,2008,7,a
British Columbia,November,2005,7,a
British Columbia,March,2012,6,a
British Columbia,November,2011,6,a
British Columbia,December,2002,6,a
British Columbia,January,2001,6,a
British Columbia,November,1999,6,a
British Columbia,March,1997,6,a
British Columbia,January,1994,6,a
British Columbia,January,1992,6,a
British Columbia,November,1990,6,a
British Columbia,November,2009,5,a
British Columbia,January,2003,5,a
British Columbia,March,2002,5,a
British Columbia,January,1996,5,a
British Columbia,November,1995,5,a
British Columbia,February,1995,5,a
British Columbia,January,1995,5,a
British Columbia,November,1991,5,a
British Columbia,February,1991,5,a
British Columbia,November,2017,4,a
British Columbia,February,2014,4,a
British Columbia,December,2010,4,a
British Columbia,November,2007,4,a
British Columbia,November,1998,4,a
British Columbia,November,1992,4,a
British Columbia,November,2016,3,a
British Columbia,January,2016,3,a
British Columbia,November,2015,3,a
British Columbia,December,2008,3,a
British Columbia,February,2006,3,a
British Columbia,January,2006,3,a
British Columbia,February,2003,3,a
British Columbia,February,2002,3,a
British Columbia,January,2002,3,a
British Columbia,February,2000,3,a
British Columbia,February,1998,3,a
British Columbia,January,1998,3,a
British Columbia,November,1997,3,a
British Columbia,October,1997,3,a
British Columbia,February,1996,3,a
British Columbia,January,1993,3,a
British Columbia,February,1990,3,a
British Columbia,November,2020,2,a
British Columbia,December,2018,2,a
British Columbia,November,2018,2,a
British Columbia,February,2017,2,a
British Columbia,February,2015,2,a
British Columbia,December,2014,2,a
British Columbia,December,2013,2,a
British Columbia,November,2012,2,a
British Columbia,February,2012,2,a
British Columbia,January,2012,2,a
British Columbia,February,2011,2,a
British Columbia,January,2011,2,a
British Columbia,February,2010,2,a
British Columbia,January,2010,2,a
British Columbia,December,2009,2,a
British Columbia,February,2008,2,a
British Columbia,February,2007,2,a
British Columbia,January,2007,2,a
British Columbia,November,2006,2,a
British Columbia,January,2005,2,a
British Columbia,November,2004,2,a
British Columbia,February,2004,2,a
British Columbia,February,1999,2,a
British Columbia,December,1997,2,a
British Columbia,February,1997,2,a
British Columbia,December,1996,2,a
British Columbia,February,1994,2,a
British Columbia,February,1992,2,a
British Columbia,January,1991,2,a
British Columbia,December,2020,1,a
British Columbia,February,2019,1,a
British Columbia,Unspecified,2018,1,a
British Columbia,January,2018,1,a
British Columbia,January,2017,1,a
British Columbia,December,2015,1,a
British Columbia,January,2014,1,a
British Columbia,November,2013,1,a
British Columbia,January,2013,1,a
British Columbia,December,2012,1,a
British Columbia,January,2008,1,a
British Columbia,December,2007,1,a
British Columbia,December,2004,1,a
British Columbia,February,2001,1,a
British Columbia,December,2000,1,a
British Columbia,November,1996,1,a
British Columbia,November,1994,1,a
British Columbia,December,1992,1,a
Manitoba,Unspecified,2003,1207,a
Manitoba,Unspecified,2002,755,a
Manitoba,Unspecified,2001,527,a
Manitoba,Unspecified,2021,460,e
Manitoba,Unspecified,2000,353,a
Manitoba,June,1995,344,a
Manitoba,August,2017,298,a
Manitoba,July,2012,263,a
Manitoba,June,2006,237,a
Manitoba,August,1991,222,a
Manitoba,July,2010,211,a
Manitoba,May,2018,176,a
Manitoba,August,1990,176,a
Manitoba,July,2006,172,a
Manitoba,June,1994,170,a
Manitoba,July,2015,169,a
Manitoba,July,2013,169,a
Manitoba,July,2007,161,a
Manitoba,July,1996,155,a
Manitoba,May,2008,154,a
Manitoba,May,1995,154,a
Manitoba,June,2015,151,a
Manitoba,July,2017,142,a
Manitoba,July,1991,142,a
Manitoba,July,2005,140,a
Manitoba,July,1998,136,a
Manitoba,April,1999,133,a
Manitoba,July,1999,125,a
Manitoba,June,2008,123,a
Manitoba,August,2006,116,a
Manitoba,August,2010,115,a
Manitoba,June,1999,115,a
Manitoba,May,1994,115,a
Manitoba,August,1999,112,a
Manitoba,April,1998,110,a
Manitoba,April,1991,109,a
Manitoba,July,2018,108,a
Manitoba,June,2013,106,a
Manitoba,July,2011,106,a
Manitoba,August,1998,106,a
Manitoba,May,1999,104,a
Manitoba,August,2013,103,a
Manitoba,June,1996,103,a
Manitoba,July,1997,102,a
Manitoba,August,1992,102,a
Manitoba,June,2018,97,a
Manitoba,June,1993,97,a
Manitoba,August,2014,94,a
Manitoba,April,2010,91,a
Manitoba,July,1995,90,a
Manitoba,July,1990,90,a
Manitoba,June,1997,87,a
Manitoba,July,2019,86,a
Manitoba,June,1990,85,a
Manitoba,August,1997,83,a
Manitoba,May,1997,83,a
Manitoba,August,2011,82,a
Manitoba,July,1994,82,a
Manitoba,May,2019,81,a
Manitoba,September,2006,81,a
Manitoba,June,2010,79,a
Manitoba,May,1996,77,a
Manitoba,June,1991,77,a
Manitoba,May,1992,76,a
Manitoba,May,2015,75,a
Manitoba,May,1991,75,a
Manitoba,August,1994,73,a
Manitoba,June,2009,72,a
Manitoba,May,2013,71,a
Manitoba,June,2007,71,a
Manitoba,May,1990,71,a
Manitoba,May,1993,67,a
Manitoba,June,2016,64,a
Manitoba,May,2010,62,a
Manitoba,June,2012,61,a
Manitoba,June,2019,60,a
Manitoba,May,2016,59,a
Manitoba,August,1996,59,a
Manitoba,September,1994,57,a
Manitoba,July,1992,57,a
Manitoba,August,2018,54,a
Manitoba,August,2008,54,a
Manitoba,May,2007,53,a
Manitoba,June,1998,52,a
Manitoba,April,2012,51,a
Manitoba,May,1998,51,a
Manitoba,September,1990,51,a
Manitoba,April,2015,50,a
Manitoba,August,2007,50,a
Manitoba,September,1998,50,a
Manitoba,June,2014,49,a
Manitoba,April,1994,49,a
Manitoba,July,2014,45,a
Manitoba,April,2006,45,a
Manitoba,June,1992,45,a
Manitoba,May,2017,43,a
Manitoba,September,2013,43,a
Manitoba,August,2012,43,a
Manitoba,July,2016,42,a
Manitoba,May,2012,42,a
Manitoba,July,2020,41,a
Manitoba,May,2014,41,a
Manitoba,July,2008,40,a
Manitoba,May,2011,39,a
Manitoba,April,1993,39,a
Manitoba,April,1990,39,a
Manitoba,May,2020,38,a
Manitoba,June,2011,38,a
Manitoba,April,2007,38,a
Manitoba,August,2020,36,a
Manitoba,October,1990,36,a
Manitoba,August,2019,35,a
Manitoba,May,2009,35,a
Manitoba,July,2004,35,a
Manitoba,April,2005,34,a
Manitoba,April,2018,33,a
Manitoba,September,2017,33,a
Manitoba,May,2005,32,a
Manitoba,August,1995,28,a
Manitoba,June,2017,27,a
Manitoba,October,2011,27,a
Manitoba,September,2010,27,a
Manitoba,September,2009,26,a
Manitoba,May,2006,26,a
Manitoba,June,2020,24,a
Manitoba,July,1993,24,a
Manitoba,September,1996,23,a
Manitoba,April,2016,22,a
Manitoba,September,2012,22,a
Manitoba,June,2005,22,a
Manitoba,April,2019,21,a
Manitoba,July,2009,21,a
Manitoba,August,2005,21,a
Manitoba,October,1995,21,a
Manitoba,September,1991,21,a
Manitoba,September,2011,19,a
Manitoba,April,2008,18,a
Manitoba,October,2009,17,a
Manitoba,September,1999,17,a
Manitoba,September,2018,15,a
Manitoba,October,2017,15,a
Manitoba,August,2016,15,a
Manitoba,August,2015,13,a
Manitoba,April,1995,13,a
Manitoba,November,1990,13,a
Manitoba,September,1995,12,a
Manitoba,March,1991,12,a
Manitoba,April,2020,11,a
Manitoba,September,2014,11,a
Manitoba,March,2012,11,a
Manitoba,August,2009,11,a
Manitoba,September,2007,9,a
Manitoba,Unspecified,1998,9,a
Manitoba,April,2017,8,a
Manitoba,May,2004,8,a
Manitoba,September,1997,8,a
Manitoba,April,1997,8,a
Manitoba,April,2004,7,a
Manitoba,October,1994,7,a
Manitoba,April,1992,7,a
Manitoba,October,2012,6,a
Manitoba,November,2011,6,a
Manitoba,April,2011,6,a
Manitoba,September,2008,6,a
Manitoba,October,2006,6,a
Manitoba,August,1993,6,a
Manitoba,October,1991,6,a
Manitoba,September,2016,5,a
Manitoba,April,2014,5,a
Manitoba,October,1999,5,a
Manitoba,September,1992,5,a
Manitoba,January,1991,5,a
Manitoba,September,2020,4,a
Manitoba,May,2002,4,a
Manitoba,October,1996,4,a
Manitoba,October,1992,4,a
Manitoba,April,2013,3,a
Manitoba,October,2010,3,a
Manitoba,October,2005,3,a
Manitoba,Unspecified,2004,3,a
Manitoba,May,2001,3,a
Manitoba,September,1993,3,a
Manitoba,February,1991,3,a
Manitoba,October,2015,2,a
Manitoba,March,2015,2,a
Manitoba,April,2009,2,a
Manitoba,October,2008,2,a
Manitoba,September,2005,2,a
Manitoba,August,2004,2,a
Manitoba,June,2004,2,a
Manitoba,January,1999,2,a
Manitoba,Unspecified,1996,2,a
Manitoba,March,1993,2,a
Manitoba,October,2020,1,a
Manitoba,September,2019,1,a
Manitoba,September,2015,1,a
Manitoba,October,2014,1,a
Manitoba,November,2013,1,a
Manitoba,November,2010,1,a
Manitoba,Unspecified,2009,1,a
Manitoba,November,2009,1,a
Manitoba,Unspecified,2008,1,a
Manitoba,October,2007,1,a
Manitoba,November,2006,1,a
Manitoba,August,2003,1,a
Manitoba,April,2003,1,a
Manitoba,April,2002,1,a
Manitoba,October,2001,1,a
Manitoba,September,2001,1,a
Manitoba,April,2001,1,a
Manitoba,October,2000,1,a
Manitoba,May,2000,1,a
Manitoba,April,2000,1,a
Manitoba,March,2000,1,a
Manitoba,November,1998,1,a
Manitoba,October,1998,1,a
Manitoba,Unspecified,1997,1,a
Manitoba,October,1997,1,a
Manitoba,April,1996,1,a
Manitoba,November,1994,1,a
Manitoba,March,1994,1,a
Manitoba,October,1993,1,a
Manitoba,March,1992,1,a
Manitoba,February,1992,1,a
Manitoba,December,1990,1,a
New Brunswick,May,1992,345,a
New Brunswick,June,1999,210,a
New Brunswick,May,1993,195,a
New Brunswick,April,2012,189,a
New Brunswick,Unspecified,2021,180,e
New Brunswick,May,1999,180,a
New Brunswick,April,2013,176,a
New Brunswick,May,2001,169,a
New Brunswick,May,2015,165,a
New Brunswick,August,1995,156,a
New Brunswick,April,2006,154,a
New Brunswick,May,1991,154,a
New Brunswick,April,2016,151,a
New Brunswick,June,1991,150,a
New Brunswick,July,1991,141,a
New Brunswick,April,2005,137,a
New Brunswick,October,1994,137,a
New Brunswick,May,2007,130,a
New Brunswick,June,1996,129,a
New Brunswick,May,2020,127,a
New Brunswick,May,2018,124,a
New Brunswick,May,2013,123,a
New Brunswick,May,2004,118,a
New Brunswick,August,2001,116,a
New Brunswick,June,1995,116,a
New Brunswick,July,1990,114,a
New Brunswick,August,1994,104,a
New Brunswick,April,2020,100,a
New Brunswick,June,1990,100,a
New Brunswick,May,2002,97,a
New Brunswick,August,1991,92,a
New Brunswick,April,1991,91,a
New Brunswick,May,2003,89,a
New Brunswick,July,1995,89,a
New Brunswick,May,1994,89,a
New Brunswick,May,2019,88,a
New Brunswick,May,2009,88,a
New Brunswick,May,2008,81,a
New Brunswick,July,1999,80,a
New Brunswick,August,2017,79,a
New Brunswick,May,2014,79,a
New Brunswick,June,1992,78,a
New Brunswick,June,2000,77,a
New Brunswick,July,1997,77,a
New Brunswick,August,2002,76,a
New Brunswick,August,1997,75,a
New Brunswick,May,1996,75,a
New Brunswick,August,1996,74,a
New Brunswick,September,1995,74,a
New Brunswick,May,2000,73,a
New Brunswick,August,1998,73,a
New Brunswick,June,2020,72,a
New Brunswick,May,1997,72,a
New Brunswick,August,1993,72,a
New Brunswick,May,1995,71,a
New Brunswick,May,1990,71,a
New Brunswick,April,2007,68,a
New Brunswick,June,1997,68,a
New Brunswick,April,1998,67,a
New Brunswick,August,2020,64,a
New Brunswick,May,2006,64,a
New Brunswick,May,1998,61,a
New Brunswick,April,1993,60,a
New Brunswick,April,2004,57,a
New Brunswick,May,2016,55,a
New Brunswick,April,1999,55,a
New Brunswick,April,2009,54,a
New Brunswick,September,2001,53,a
New Brunswick,May,2010,52,a
New Brunswick,April,1992,50,a
New Brunswick,September,2020,49,a
New Brunswick,May,2012,49,a
New Brunswick,August,2005,49,a
New Brunswick,July,1994,48,a
New Brunswick,April,2010,47,a
New Brunswick,July,2001,47,a
New Brunswick,August,2000,46,a
New Brunswick,October,1997,45,a
New Brunswick,September,2000,44,a
New Brunswick,July,1998,44,a
New Brunswick,June,2001,43,a
New Brunswick,August,2010,42,a
New Brunswick,June,2002,42,a
New Brunswick,August,1992,42,a
New Brunswick,April,1990,42,a
New Brunswick,May,2005,41,a
New Brunswick,June,2004,41,a
New Brunswick,April,1994,41,a
New Brunswick,July,2018,40,a
New Brunswick,July,2000,40,a
New Brunswick,August,1999,40,a
New Brunswick,September,1994,40,a
New Brunswick,June,1993,40,a
New Brunswick,July,2017,39,a
New Brunswick,April,2014,39,a
New Brunswick,June,2005,39,a
New Brunswick,June,2003,38,a
New Brunswick,April,2018,37,a
New Brunswick,July,2002,37,a
New Brunswick,September,1996,37,a
New Brunswick,June,1994,37,a
New Brunswick,April,2001,36,a
New Brunswick,September,2017,35,a
New Brunswick,June,2018,34,a
New Brunswick,July,2013,34,a
New Brunswick,October,2017,33,a
New Brunswick,July,2008,33,a
New Brunswick,August,2007,33,a
New Brunswick,July,2006,33,a
New Brunswick,August,2019,32,a
New Brunswick,July,1993,32,a
New Brunswick,August,1990,32,a
New Brunswick,September,2018,31,a
New Brunswick,June,2007,31,a
New Brunswick,April,2002,31,a
New Brunswick,April,2000,31,a
New Brunswick,September,1999,31,a
New Brunswick,October,2000,30,a
New Brunswick,July,2005,29,a
New Brunswick,July,2003,29,a
New Brunswick,October,2001,29,a
New Brunswick,June,1998,29,a
New Brunswick,August,2012,28,a
New Brunswick,April,1995,28,a
New Brunswick,September,1993,28,a
New Brunswick,July,2020,27,a
New Brunswick,September,2003,27,a
New Brunswick,July,2012,26,a
New Brunswick,August,2003,26,a
New Brunswick,April,1996,26,a
New Brunswick,May,2017,25,a
New Brunswick,August,2016,25,a
New Brunswick,June,2016,25,a
New Brunswick,May,2011,25,a
New Brunswick,July,1992,24,a
New Brunswick,April,2011,23,a
New Brunswick,September,1992,23,a
New Brunswick,October,2020,22,a
New Brunswick,July,2015,22,a
New Brunswick,June,2012,22,a
New Brunswick,August,2006,22,a
New Brunswick,September,2002,22,a
New Brunswick,November,1994,22,a
New Brunswick,July,2019,21,a
New Brunswick,July,2007,21,a
New Brunswick,June,2014,20,a
New Brunswick,September,1991,20,a
New Brunswick,June,2019,19,a
New Brunswick,March,2006,19,a
New Brunswick,August,2009,18,a
New Brunswick,April,2003,18,a
New Brunswick,September,2009,17,a
New Brunswick,October,2007,17,a
New Brunswick,June,2017,16,a
New Brunswick,April,2017,16,a
New Brunswick,July,2014,16,a
New Brunswick,April,1997,16,a
New Brunswick,August,2018,15,a
New Brunswick,September,2015,15,a
New Brunswick,September,2007,15,a
New Brunswick,July,2010,14,a
New Brunswick,August,2008,14,a
New Brunswick,April,2008,14,a
New Brunswick,July,2004,14,a
New Brunswick,October,1992,14,a
New Brunswick,June,2008,13,a
New Brunswick,September,1997,13,a
New Brunswick,October,1996,13,a
New Brunswick,September,1990,13,a
New Brunswick,April,2019,12,a
New Brunswick,September,2016,12,a
New Brunswick,August,2014,12,a
New Brunswick,September,2012,12,a
New Brunswick,September,2005,12,a
New Brunswick,August,2015,11,a
New Brunswick,July,2011,11,a
New Brunswick,September,2010,11,a
New Brunswick,June,2009,11,a
New Brunswick,September,2008,11,a
New Brunswick,August,2004,11,a
New Brunswick,July,1996,11,a
New Brunswick,October,1995,11,a
New Brunswick,July,2016,10,a
New Brunswick,October,2002,10,a
New Brunswick,September,2014,9,a
New Brunswick,June,2006,9,a
New Brunswick,March,2012,8,a
New Brunswick,September,2006,8,a
New Brunswick,September,2004,8,a
New Brunswick,October,2016,7,a
New Brunswick,August,2013,7,a
New Brunswick,June,2013,7,a
New Brunswick,June,2011,7,a
New Brunswick,June,2010,7,a
New Brunswick,November,1999,7,a
New Brunswick,October,1998,7,a
New Brunswick,October,1991,7,a
New Brunswick,October,2019,6,a
New Brunswick,October,2004,6,a
New Brunswick,November,2020,5,a
New Brunswick,September,2019,5,a
New Brunswick,October,2014,5,a
New Brunswick,September,1998,5,a
New Brunswick,October,2018,4,a
New Brunswick,October,1990,4,a
New Brunswick,October,2015,3,a
New Brunswick,June,2015,3,a
New Brunswick,April,2015,3,a
New Brunswick,October,2013,3,a
New Brunswick,March,2013,3,a
New Brunswick,October,2012,3,a
New Brunswick,March,2010,3,a
New Brunswick,November,2009,3,a
New Brunswick,October,2009,3,a
New Brunswick,July,2009,3,a
New Brunswick,October,2003,3,a
New Brunswick,November,2001,3,a
New Brunswick,October,1999,3,a
New Brunswick,October,1993,3,a
New Brunswick,November,2017,2,a
New Brunswick,October,2010,2,a
New Brunswick,October,2008,2,a
New Brunswick,November,2007,2,a
New Brunswick,November,2002,2,a
New Brunswick,November,1998,2,a
New Brunswick,November,1997,2,a
New Brunswick,November,1995,2,a
New Brunswick,November,2012,1,a
New Brunswick,August,2011,1,a
New Brunswick,November,2010,1,a
New Brunswick,March,2007,1,a
New Brunswick,October,2006,1,a
New Brunswick,November,2005,1,a
New Brunswick,October,2005,1,a
New Brunswick,November,2004,1,a
New Brunswick,March,2000,1,a
New Brunswick,December,1999,1,a
New Brunswick,November,1996,1,a
New Brunswick,March,1996,1,a
New Brunswick,November,1991,1,a
New Brunswick,March,1990,1,a
Newfoundland and Labrador,May,1998,94,a
Newfoundland and Labrador,Unspecified,2021,82,e
Newfoundland and Labrador,May,2004,66,a
Newfoundland and Labrador,June,1999,66,a
Newfoundland and Labrador,May,1999,66,a
Newfoundland and Labrador,August,2001,63,a
Newfoundland and Labrador,June,1998,55,a
Newfoundland and Labrador,May,2009,52,a
Newfoundland and Labrador,August,1996,48,a
Newfoundland and Labrador,May,1992,47,a
Newfoundland and Labrador,June,2003,45,a
Newfoundland and Labrador,May,2019,44,a
Newfoundland and Labrador,June,2000,44,a
Newfoundland and Labrador,May,2018,41,a
Newfoundland and Labrador,September,1990,41,a
Newfoundland and Labrador,June,1991,38,a
Newfoundland and Labrador,July,2012,36,a
Newfoundland and Labrador,June,2001,36,a
Newfoundland and Labrador,June,1990,36,a
Newfoundland and Labrador,August,1994,35,a
Newfoundland and Labrador,July,1994,35,a
Newfoundland and Labrador,June,1994,35,a
Newfoundland and Labrador,May,2005,34,a
Newfoundland and Labrador,July,2001,34,a
Newfoundland and Labrador,May,2000,34,a
Newfoundland and Labrador,May,2008,33,a
Newfoundland and Labrador,May,2006,33,a
Newfoundland and Labrador,May,2003,32,a
Newfoundland and Labrador,August,1991,32,a
Newfoundland and Labrador,June,2012,31,a
Newfoundland and Labrador,June,2005,31,a
Newfoundland and Labrador,May,2002,30,a
Newfoundland and Labrador,May,2001,30,a
Newfoundland and Labrador,August,1990,30,a
Newfoundland and Labrador,July,2009,29,a
Newfoundland and Labrador,May,1991,29,a
Newfoundland and Labrador,July,1990,29,a
Newfoundland and Labrador,August,2020,27,a
Newfoundland and Labrador,June,2009,27,a
Newfoundland and Labrador,April,2009,26,a
Newfoundland and Labrador,July,1997,26,a
Newfoundland and Labrador,August,1992,26,a
Newfoundland and Labrador,July,2020,25,a
Newfoundland and Labrador,Unspecified,2000,25,a
Newfoundland and Labrador,June,1997,25,a
Newfoundland and Labrador,August,2018,24,a
Newfoundland and Labrador,June,2002,24,a
Newfoundland and Labrador,June,1993,24,a
Newfoundland and Labrador,Unspecified,2012,23,a
Newfoundland and Labrador,July,2005,23,a
Newfoundland and Labrador,August,2004,23,a
Newfoundland and Labrador,May,1996,23,a
Newfoundland and Labrador,August,1995,23,a
Newfoundland and Labrador,May,1995,23,a
Newfoundland and Labrador,June,2017,22,a
Newfoundland and Labrador,July,2013,22,a
Newfoundland and Labrador,June,2015,21,a
Newfoundland and Labrador,May,2013,21,a
Newfoundland and Labrador,September,2003,21,a
Newfoundland and Labrador,July,2017,20,a
Newfoundland and Labrador,April,2012,20,a
Newfoundland and Labrador,July,1999,20,a
Newfoundland and Labrador,June,1995,20,a
Newfoundland and Labrador,July,2018,19,a
Newfoundland and Labrador,May,2007,19,a
Newfoundland and Labrador,May,1990,19,a
Newfoundland and Labrador,June,2018,18,a
Newfoundland and Labrador,May,2017,18,a
Newfoundland and Labrador,August,1998,18,a
Newfoundland and Labrador,May,2020,17,a
Newfoundland and Labrador,June,2007,17,a
Newfoundland and Labrador,August,2019,16,a
Newfoundland and Labrador,June,2004,16,a
Newfoundland and Labrador,August,2003,16,a
Newfoundland and Labrador,August,2000,15,a
Newfoundland and Labrador,May,1997,15,a
Newfoundland and Labrador,May,1994,15,a
Newfoundland and Labrador,June,1992,15,a
Newfoundland and Labrador,September,2018,14,a
Newfoundland and Labrador,July,2016,14,a
Newfoundland and Labrador,May,2012,14,a
Newfoundland and Labrador,May,2011,14,a
Newfoundland and Labrador,July,2008,14,a
Newfoundland and Labrador,August,2005,14,a
Newfoundland and Labrador,July,2004,14,a
Newfoundland and Labrador,Unspecified,2003,14,a
Newfoundland and Labrador,August,2002,14,a
Newfoundland and Labrador,April,2000,14,a
Newfoundland and Labrador,July,1995,14,a
Newfoundland and Labrador,July,2002,13,a
Newfoundland and Labrador,April,1996,13,a
Newfoundland and Labrador,August,1993,13,a
Newfoundland and Labrador,May,1993,13,a
Newfoundland and Labrador,July,1992,13,a
Newfoundland and Labrador,April,2020,12,a
Newfoundland and Labrador,April,2018,12,a
Newfoundland and Labrador,June,1996,12,a
Newfoundland and Labrador,July,1991,12,a
Newfoundland and Labrador,September,2019,11,a
Newfoundland and Labrador,July,2019,11,a
Newfoundland and Labrador,August,2010,11,a
Newfoundland and Labrador,Unspecified,2007,11,a
Newfoundland and Labrador,July,1998,11,a
Newfoundland and Labrador,August,1997,11,a
Newfoundland and Labrador,June,2013,10,a
Newfoundland and Labrador,July,2007,10,a
Newfoundland and Labrador,September,2001,10,a
Newfoundland and Labrador,September,1999,10,a
Newfoundland and Labrador,August,1999,10,a
Newfoundland and Labrador,April,1999,10,a
Newfoundland and Labrador,August,2012,9,a
Newfoundland and Labrador,August,2011,9,a
Newfoundland and Labrador,July,2006,9,a
Newfoundland and Labrador,July,2000,9,a
Newfoundland and Labrador,September,1996,9,a
Newfoundland and Labrador,June,2019,8,a
Newfoundland and Labrador,August,2017,8,a
Newfoundland and Labrador,September,2009,8,a
Newfoundland and Labrador,June,2008,8,a
Newfoundland and Labrador,August,2013,7,a
Newfoundland and Labrador,April,2013,7,a
Newfoundland and Labrador,April,2010,7,a
Newfoundland and Labrador,September,2008,7,a
Newfoundland and Labrador,August,2006,7,a
Newfoundland and Labrador,September,2005,7,a
Newfoundland and Labrador,Unspecified,2002,7,a
Newfoundland and Labrador,September,2000,7,a
Newfoundland and Labrador,June,2020,6,a
Newfoundland and Labrador,March,2019,6,a
Newfoundland and Labrador,November,2017,6,a
Newfoundland and Labrador,September,2010,6,a
Newfoundland and Labrador,October,2008,6,a
Newfoundland and Labrador,September,2007,6,a
Newfoundland and Labrador,April,2006,6,a
Newfoundland and Labrador,Unspecified,2005,6,a
Newfoundland and Labrador,April,2005,6,a
Newfoundland and Labrador,July,2003,6,a
Newfoundland and Labrador,September,2002,6,a
Newfoundland and Labrador,September,2020,5,a
Newfoundland and Labrador,September,2011,5,a
Newfoundland and Labrador,July,2011,5,a
Newfoundland and Labrador,June,2011,5,a
Newfoundland and Labrador,May,2010,5,a
Newfoundland and Labrador,June,2006,5,a
Newfoundland and Labrador,April,2002,5,a
Newfoundland and Labrador,October,2001,5,a
Newfoundland and Labrador,March,1999,5,a
Newfoundland and Labrador,September,1994,5,a
Newfoundland and Labrador,September,1993,5,a
Newfoundland and Labrador,July,1993,5,a
Newfoundland and Labrador,April,1990,5,a
Newfoundland and Labrador,November,2020,4,a
Newfoundland and Labrador,October,2017,4,a
Newfoundland and Labrador,September,2017,4,a
Newfoundland and Labrador,August,2015,4,a
Newfoundland and Labrador,September,2012,4,a
Newfoundland and Labrador,July,2010,4,a
Newfoundland and Labrador,June,2010,4,a
Newfoundland and Labrador,Unspecified,2009,4,a
Newfoundland and Labrador,August,2009,4,a
Newfoundland and Labrador,July,1996,4,a
Newfoundland and Labrador,October,1993,4,a
Newfoundland and Labrador,April,1991,4,a
Newfoundland and Labrador,October,2018,3,a
Newfoundland and Labrador,August,2016,3,a
Newfoundland and Labrador,Unspecified,2010,3,a
Newfoundland and Labrador,October,2010,3,a
Newfoundland and Labrador,Unspecified,2006,3,a
Newfoundland and Labrador,September,2006,3,a
Newfoundland and Labrador,September,2004,3,a
Newfoundland and Labrador,October,2003,3,a
Newfoundland and Labrador,September,1995,3,a
Newfoundland and Labrador,April,1995,3,a
Newfoundland and Labrador,April,1994,3,a
Newfoundland and Labrador,September,1992,3,a
Newfoundland and Labrador,October,1990,3,a
Newfoundland and Labrador,October,2019,2,a
Newfoundland and Labrador,May,2015,2,a
Newfoundland and Labrador,Unspecified,2013,2,a
Newfoundland and Labrador,October,2013,2,a
Newfoundland and Labrador,Unspecified,2011,2,a
Newfoundland and Labrador,April,2011,2,a
Newfoundland and Labrador,March,2010,2,a
Newfoundland and Labrador,August,2008,2,a
Newfoundland and Labrador,April,2008,2,a
Newfoundland and Labrador,April,2007,2,a
Newfoundland and Labrador,April,2003,2,a
Newfoundland and Labrador,Unspecified,2001,2,a
Newfoundland and Labrador,October,1996,2,a
Newfoundland and Labrador,April,1992,2,a
Newfoundland and Labrador,March,1990,2,a
Newfoundland and Labrador,December,2020,1,a
Newfoundland and Labrador,April,2019,1,a
Newfoundland and Labrador,Unspecified,2018,1,a
Newfoundland and Labrador,May,2016,1,a
Newfoundland and Labrador,Unspecified,2014,1,a
Newfoundland and Labrador,September,2014,1,a
Newfoundland and Labrador,March,2012,1,a
Newfoundland and Labrador,November,2010,1,a
Newfoundland and Labrador,March,2009,1,a
Newfoundland and Labrador,Unspecified,2008,1,a
Newfoundland and Labrador,August,2007,1,a
Newfoundland and Labrador,Unspecified,2004,1,a
Newfoundland and Labrador,October,2004,1,a
Newfoundland and Labrador,April,2004,1,a
Newfoundland and Labrador,November,2003,1,a
Newfoundland and Labrador,October,2002,1,a
Newfoundland and Labrador,December,2001,1,a
Newfoundland and Labrador,January,2001,1,a
Newfoundland and Labrador,October,2000,1,a
Newfoundland and Labrador,October,1999,1,a
Newfoundland and Labrador,October,1998,1,a
Newfoundland and Labrador,April,1998,1,a
Newfoundland and Labrador,September,1997,1,a
Newfoundland and Labrador,October,1994,1,a
Newfoundland and Labrador,April,1993,1,a
Northwest Territories,July,1994,326,a
Northwest Territories,July,1993,249,a
Northwest Territories,July,1998,228,a
Northwest Territories,July,2004,206,a
Northwest Territories,July,2005,194,a
Northwest Territories,July,2014,188,a
Northwest Territories,June,1994,185,a
Northwest Territories,June,1996,182,a
Northwest Territories,June,1993,175,a
Northwest Territories,June,2013,152,a
Northwest Territories,July,1991,149,a
Northwest Territories,July,2012,148,a
Northwest Territories,July,2000,144,a
Northwest Territories,Unspecified,2021,140,e
Northwest Territories,July,1996,134,a
Northwest Territories,July,1992,130,a
Northwest Territories,June,2015,125,a
Northwest Territories,July,2017,123,a
Northwest Territories,July,2010,121,a
Northwest Territories,June,2014,118,a
Northwest Territories,August,1991,117,a
Northwest Territories,July,1990,113,a
Northwest Territories,July,2016,112,a
Northwest Territories,August,1992,100,a
Northwest Territories,June,1990,98,a
Northwest Territories,June,2000,90,a
Northwest Territories,July,2007,89,a
Northwest Territories,July,2019,88,a
Northwest Territories,August,2008,86,a
Northwest Territories,July,2003,86,a
Northwest Territories,July,2011,85,a
Northwest Territories,July,2008,85,a
Northwest Territories,June,2010,81,a
Northwest Territories,June,2007,79,a
Northwest Territories,June,1995,79,a
Northwest Territories,June,2011,78,a
Northwest Territories,August,1994,78,a
Northwest Territories,August,2017,77,a
Northwest Territories,August,2014,77,a
Northwest Territories,July,2013,77,a
Northwest Territories,June,2012,76,a
Northwest Territories,June,1998,76,a
Northwest Territories,July,1997,74,a
Northwest Territories,July,2001,71,a
Northwest Territories,June,1999,70,a
Northwest Territories,August,1998,69,a
Northwest Territories,August,2006,63,a
Northwest Territories,June,2008,61,a
Northwest Territories,May,2015,60,a
Northwest Territories,July,2006,59,a
Northwest Territories,June,1991,59,a
Northwest Territories,June,2016,58,a
Northwest Territories,July,1995,56,a
Northwest Territories,August,1999,53,a
Northwest Territories,June,2004,51,a
Northwest Territories,June,2001,49,a
Northwest Territories,June,2003,48,a
Northwest Territories,June,2020,47,a
Northwest Territories,August,1995,47,a
Northwest Territories,August,2012,43,a
Northwest Territories,June,2005,43,a
Northwest Territories,July,2015,41,a
Northwest Territories,July,2002,41,a
Northwest Territories,July,1999,39,a
Northwest Territories,June,2002,38,a
Northwest Territories,May,1994,37,a
Northwest Territories,August,2000,36,a
Northwest Territories,July,2018,35,a
Northwest Territories,June,2006,34,a
Northwest Territories,June,2017,33,a
Northwest Territories,June,2019,32,a
Northwest Territories,June,1992,31,a
Northwest Territories,August,1993,30,a
Northwest Territories,August,2015,27,a
Northwest Territories,August,2004,27,a
Northwest Territories,May,1998,24,a
Northwest Territories,May,1995,24,a
Northwest Territories,May,2017,22,a
Northwest Territories,August,2011,22,a
Northwest Territories,August,1996,22,a
Northwest Territories,August,2016,20,a
Northwest Territories,August,2013,19,a
Northwest Territories,August,2003,19,a
Northwest Territories,June,1997,17,a
Northwest Territories,July,2020,15,a
Northwest Territories,June,2009,15,a
Northwest Territories,May,2005,15,a
Northwest Territories,September,1992,15,a
Northwest Territories,June,2018,14,a
Northwest Territories,May,2011,14,a
Northwest Territories,Unspecified,2009,14,a
Northwest Territories,August,2007,14,a
Northwest Territories,September,2017,13,a
Northwest Territories,August,2010,13,a
Northwest Territories,August,2009,13,a
Northwest Territories,September,1994,13,a
Northwest Territories,May,1993,13,a
Northwest Territories,August,1990,13,a
Northwest Territories,May,2012,12,a
Northwest Territories,August,2019,11,a
Northwest Territories,May,1996,11,a
Northwest Territories,September,2012,10,a
Northwest Territories,July,2009,10,a
Northwest Territories,August,1997,10,a
Northwest Territories,May,1990,10,a
Northwest Territories,September,2006,9,a
Northwest Territories,September,2004,9,a
Northwest Territories,May,1992,9,a
Northwest Territories,May,2019,8,a
Northwest Territories,May,2008,8,a
Northwest Territories,October,1994,8,a
Northwest Territories,August,2020,7,a
Northwest Territories,August,2018,7,a
Northwest Territories,September,1995,7,a
Northwest Territories,April,2019,6,a
Northwest Territories,May,2003,6,a
Northwest Territories,August,2001,6,a
Northwest Territories,September,1999,6,a
Northwest Territories,September,2013,5,a
Northwest Territories,May,2010,5,a
Northwest Territories,August,2005,5,a
Northwest Territories,May,2000,5,a
Northwest Territories,May,1991,5,a
Northwest Territories,May,2018,4,a
Northwest Territories,November,2015,4,a
Northwest Territories,May,2014,4,a
Northwest Territories,May,2013,4,a
Northwest Territories,September,2010,4,a
Northwest Territories,May,2009,4,a
Northwest Territories,August,2002,4,a
Northwest Territories,September,1993,4,a
Northwest Territories,May,2016,3,a
Northwest Territories,September,2005,3,a
Northwest Territories,May,2004,3,a
Northwest Territories,May,1999,3,a
Northwest Territories,September,1997,3,a
Northwest Territories,November,1995,3,a
Northwest Territories,September,2018,2,a
Northwest Territories,September,2011,2,a
Northwest Territories,May,2007,2,a
Northwest Territories,October,2004,2,a
Northwest Territories,May,2002,2,a
Northwest Territories,September,2001,2,a
Northwest Territories,September,1998,2,a
Northwest Territories,January,1994,2,a
Northwest Territories,December,1993,2,a
Northwest Territories,September,1990,2,a
Northwest Territories,May,2020,1,a
Northwest Territories,November,2019,1,a
Northwest Territories,October,2019,1,a
Northwest Territories,November,2018,1,a
Northwest Territories,April,2014,1,a
Northwest Territories,September,2009,1,a
Northwest Territories,April,2009,1,a
Northwest Territories,February,2009,1,a
Northwest Territories,January,2009,1,a
Northwest Territories,October,2006,1,a
Northwest Territories,May,2006,1,a
Northwest Territories,October,2005,1,a
Northwest Territories,November,2004,1,a
Northwest Territories,September,2003,1,a
Northwest Territories,April,1999,1,a
Northwest Territories,May,1997,1,a
Northwest Territories,April,1996,1,a
Northwest Territories,October,1995,1,a
Northwest Territories,April,1995,1,a
Northwest Territories,December,1994,1,a
Northwest Territories,November,1994,1,a
Northwest Territories,April,1994,1,a
Northwest Territories,February,1994,1,a
Northwest Territories,September,1991,1,a
Nova Scotia,April,1991,208,a
Nova Scotia,May,2015,204,a
Nova Scotia,May,1991,174,a
Nova Scotia,May,2007,165,a
Nova Scotia,July,1991,162,a
Nova Scotia,April,2012,157,a
Nova Scotia,April,2005,155,a
Nova Scotia,April,2007,148,a
Nova Scotia,May,1995,145,a
Nova Scotia,June,1991,145,a
Nova Scotia,May,2001,139,a
Nova Scotia,May,1992,138,a
Nova Scotia,May,2004,137,a
Nova Scotia,April,2008,136,a
Nova Scotia,May,1990,134,a
Nova Scotia,August,2001,129,a
Nova Scotia,May,1999,129,a
Nova Scotia,April,2010,114,a
Nova Scotia,Unspecified,2021,113,e
Nova Scotia,May,2002,111,a
Nova Scotia,May,1993,110,a
Nova Scotia,July,1997,108,a
Nova Scotia,April,2016,104,a
Nova Scotia,April,2009,104,a
Nova Scotia,May,2003,100,a
Nova Scotia,June,1999,97,a
Nova Scotia,May,1998,91,a
Nova Scotia,July,1999,89,a
Nova Scotia,April,1990,89,a
Nova Scotia,March,2006,87,a
Nova Scotia,April,1998,86,a
Nova Scotia,May,2013,85,a
Nova Scotia,April,2017,82,a
Nova Scotia,April,1995,80,a
Nova Scotia,April,1999,78,a
Nova Scotia,April,1993,78,a
Nova Scotia,May,1997,77,a
Nova Scotia,April,2003,75,a
Nova Scotia,July,1990,74,a
Nova Scotia,March,2012,72,a
Nova Scotia,May,2014,71,a
Nova Scotia,April,2006,69,a
Nova Scotia,July,2001,67,a
Nova Scotia,May,1996,66,a
Nova Scotia,April,1996,65,a
Nova Scotia,May,2010,63,a
Nova Scotia,April,1994,63,a
Nova Scotia,April,2011,62,a
Nova Scotia,August,1990,62,a
Nova Scotia,August,1998,61,a
Nova Scotia,May,2016,59,a
Nova Scotia,April,2013,59,a
Nova Scotia,March,2010,59,a
Nova Scotia,August,1997,59,a
Nova Scotia,June,1990,58,a
Nova Scotia,May,2000,57,a
Nova Scotia,July,1994,57,a
Nova Scotia,August,2002,55,a
Nova Scotia,March,1996,55,a
Nova Scotia,May,2018,54,a
Nova Scotia,June,2004,52,a
Nova Scotia,April,2018,51,a
Nova Scotia,June,2000,51,a
Nova Scotia,May,2020,50,a
Nova Scotia,June,1995,49,a
Nova Scotia,September,2001,47,a
Nova Scotia,May,2009,46,a
Nova Scotia,June,1992,46,a
Nova Scotia,May,2019,45,a
Nova Scotia,May,2008,45,a
Nova Scotia,June,1998,45,a
Nova Scotia,June,1996,45,a
Nova Scotia,May,2017,44,a
Nova Scotia,April,1997,44,a
Nova Scotia,August,2020,43,a
Nova Scotia,August,1993,43,a
Nova Scotia,April,1992,43,a
Nova Scotia,April,2014,41,a
Nova Scotia,August,2005,41,a
Nova Scotia,June,2005,39,a
Nova Scotia,April,2020,38,a
Nova Scotia,August,2016,38,a
Nova Scotia,June,2008,37,a
Nova Scotia,September,1995,37,a
Nova Scotia,April,2001,36,a
Nova Scotia,August,1995,36,a
Nova Scotia,September,1990,36,a
Nova Scotia,May,2012,35,a
Nova Scotia,June,1997,35,a
Nova Scotia,August,2019,34,a
Nova Scotia,March,1990,34,a
Nova Scotia,May,1994,33,a
Nova Scotia,July,2012,32,a
Nova Scotia,April,2004,31,a
Nova Scotia,June,2002,31,a
Nova Scotia,June,2001,31,a
Nova Scotia,July,2003,30,a
Nova Scotia,October,1997,30,a
Nova Scotia,May,2006,29,a
Nova Scotia,August,2000,29,a
Nova Scotia,June,2016,28,a
Nova Scotia,June,2003,28,a
Nova Scotia,October,2001,28,a
Nova Scotia,March,1995,28,a
Nova Scotia,June,1994,28,a
Nova Scotia,June,2018,26,a
Nova Scotia,August,2012,26,a
Nova Scotia,July,2002,26,a
Nova Scotia,July,1995,26,a
Nova Scotia,September,1993,26,a
Nova Scotia,March,1991,26,a
Nova Scotia,July,2000,25,a
Nova Scotia,July,2018,24,a
Nova Scotia,August,1999,24,a
Nova Scotia,June,2014,23,a
Nova Scotia,April,2002,23,a
Nova Scotia,March,1999,23,a
Nova Scotia,August,1994,23,a
Nova Scotia,June,2020,22,a
Nova Scotia,September,2018,22,a
Nova Scotia,September,2016,22,a
Nova Scotia,June,2012,22,a
Nova Scotia,September,2005,22,a
Nova Scotia,October,1994,22,a
Nova Scotia,September,1994,22,a
Nova Scotia,July,1993,21,a
Nova Scotia,March,2011,20,a
Nova Scotia,March,1998,20,a
Nova Scotia,August,1996,20,a
Nova Scotia,June,1993,20,a
Nova Scotia,July,2008,19,a
Nova Scotia,August,2007,19,a
Nova Scotia,April,2000,19,a
Nova Scotia,July,1998,19,a
Nova Scotia,September,1992,19,a
Nova Scotia,July,1992,19,a
Nova Scotia,September,2015,18,a
Nova Scotia,March,2007,18,a
Nova Scotia,September,2002,18,a
Nova Scotia,September,2000,18,a
Nova Scotia,August,1992,18,a
Nova Scotia,March,2019,17,a
Nova Scotia,August,2018,17,a
Nova Scotia,August,2013,17,a
Nova Scotia,April,2019,16,a
Nova Scotia,June,2007,16,a
Nova Scotia,August,2003,16,a
Nova Scotia,October,1998,16,a
Nova Scotia,September,1997,16,a
Nova Scotia,August,2017,15,a
Nova Scotia,July,2016,15,a
Nova Scotia,July,2007,15,a
Nova Scotia,July,2005,15,a
Nova Scotia,August,2004,15,a
Nova Scotia,August,2009,14,a
Nova Scotia,September,1999,14,a
Nova Scotia,November,1994,14,a
Nova Scotia,June,2019,13,a
Nova Scotia,July,2014,13,a
Nova Scotia,September,2003,13,a
Nova Scotia,October,1992,13,a
Nova Scotia,July,2017,12,a
Nova Scotia,July,2015,12,a
Nova Scotia,September,2006,12,a
Nova Scotia,May,2005,12,a
Nova Scotia,July,2020,11,a
Nova Scotia,June,2017,11,a
Nova Scotia,July,2004,11,a
Nova Scotia,August,2014,10,a
Nova Scotia,August,2006,10,a
Nova Scotia,August,1991,10,a
Nova Scotia,September,2019,9,a
Nova Scotia,September,2012,9,a
Nova Scotia,May,2011,9,a
Nova Scotia,June,2010,9,a
Nova Scotia,July,1996,9,a
Nova Scotia,October,1990,9,a
Nova Scotia,August,2015,8,a
Nova Scotia,September,2014,8,a
Nova Scotia,July,2011,8,a
Nova Scotia,June,2009,8,a
Nova Scotia,September,2004,8,a
Nova Scotia,October,2003,8,a
Nova Scotia,November,2001,8,a
Nova Scotia,October,2000,8,a
Nova Scotia,September,1998,8,a
Nova Scotia,July,2019,7,a
Nova Scotia,September,2017,7,a
Nova Scotia,August,2011,7,a
Nova Scotia,September,2009,7,a
Nova Scotia,July,2009,7,a
Nova Scotia,November,1999,7,a
Nova Scotia,September,1996,7,a
Nova Scotia,June,2015,6,a
Nova Scotia,July,2013,6,a
Nova Scotia,June,2011,6,a
Nova Scotia,July,2006,6,a
Nova Scotia,September,2020,5,a
Nova Scotia,March,2020,5,a
Nova Scotia,October,2017,5,a
Nova Scotia,October,2014,5,a
Nova Scotia,November,2010,5,a
Nova Scotia,March,2002,5,a
Nova Scotia,October,2020,4,a
Nova Scotia,October,2016,4,a
Nova Scotia,March,2009,4,a
Nova Scotia,October,2004,4,a
Nova Scotia,March,2001,4,a
Nova Scotia,March,2000,4,a
Nova Scotia,October,1995,4,a
Nova Scotia,October,1993,4,a
Nova Scotia,March,2013,3,a
Nova Scotia,September,2008,3,a
Nova Scotia,October,2007,3,a
Nova Scotia,March,2005,3,a
Nova Scotia,October,1999,3,a
Nova Scotia,October,1996,3,a
Nova Scotia,October,2019,2,a
Nova Scotia,March,2018,2,a
Nova Scotia,September,2013,2,a
Nova Scotia,June,2013,2,a
Nova Scotia,September,2011,2,a
Nova Scotia,October,2008,2,a
Nova Scotia,August,2008,2,a
Nova Scotia,March,2008,2,a
Nova Scotia,September,2007,2,a
Nova Scotia,October,2005,2,a
Nova Scotia,March,2003,2,a
Nova Scotia,November,1995,2,a
Nova Scotia,November,2017,1,a
Nova Scotia,March,2016,1,a
Nova Scotia,April,2015,1,a
Nova Scotia,March,2014,1,a
Nova Scotia,Unspecified,2009,1,a
Nova Scotia,Unspecified,2008,1,a
Nova Scotia,November,2008,1,a
Nova Scotia,November,2007,1,a
Nova Scotia,October,2006,1,a
Nova Scotia,June,2006,1,a
Nova Scotia,January,2006,1,a
Nova Scotia,November,2004,1,a
Nova Scotia,November,2002,1,a
Nova Scotia,November,2000,1,a
Nova Scotia,March,1997,1,a
Nova Scotia,March,1994,1,a
Nova Scotia,October,1991,1,a
Nova Scotia,November,1990,1,a
Ontario,Unspecified,2021,1198,e
Ontario,August,1991,944,a
Ontario,June,1995,900,a
Ontario,July,2012,710,a
Ontario,July,1998,710,a
Ontario,August,2005,708,a
Ontario,August,2001,666,a
Ontario,September,2006,660,a
Ontario,July,2005,602,a
Ontario,July,2006,597,a
Ontario,July,1991,586,a
Ontario,June,1996,570,a
Ontario,August,1990,543,a
Ontario,July,2002,536,a
Ontario,July,2018,524,a
Ontario,August,2006,503,a
Ontario,August,1998,477,a
Ontario,May,1998,463,a
Ontario,August,1995,442,a
Ontario,June,1997,425,a
Ontario,August,2007,423,a
Ontario,August,1997,423,a
Ontario,June,1991,415,a
Ontario,June,1994,412,a
Ontario,August,2011,401,a
Ontario,July,2011,398,a
Ontario,June,1992,380,a
Ontario,July,2001,373,a
Ontario,July,1997,371,a
Ontario,August,2017,369,a
Ontario,May,1992,347,a
Ontario,May,2010,334,a
Ontario,July,2020,303,a
Ontario,August,2018,300,a
Ontario,June,2003,288,a
Ontario,May,2012,276,a
Ontario,June,2006,273,a
Ontario,June,2001,267,a
Ontario,May,1994,266,a
Ontario,June,1998,254,a
Ontario,June,2018,245,a
Ontario,May,1990,242,a
Ontario,May,1996,241,a
Ontario,July,1990,237,a
Ontario,May,2007,235,a
Ontario,May,1999,234,a
Ontario,May,1991,231,a
Ontario,July,2017,230,a
Ontario,May,1995,230,a
Ontario,April,1994,222,a
Ontario,July,1999,217,a
Ontario,September,2005,212,a
Ontario,August,2002,212,a
Ontario,April,1991,210,a
Ontario,April,1998,207,a
Ontario,August,2003,204,a
Ontario,July,2007,201,a
Ontario,April,2010,199,a
Ontario,July,1996,198,a
Ontario,August,1999,196,a
Ontario,June,2005,194,a
Ontario,August,2019,193,a
Ontario,May,2018,191,a
Ontario,September,2002,188,a
Ontario,September,1990,185,a
Ontario,April,1990,185,a
Ontario,August,2012,181,a
Ontario,May,1997,180,a
Ontario,May,2016,176,a
Ontario,September,2012,175,a
Ontario,September,2011,171,a
Ontario,May,1993,171,a
Ontario,July,2013,168,a
Ontario,July,2010,166,a
Ontario,July,2015,165,a
Ontario,May,2005,159,a
Ontario,July,1993,158,a
Ontario,August,2000,156,a
Ontario,June,1999,154,a
Ontario,July,2019,152,a
Ontario,May,2006,150,a
Ontario,July,1995,150,a
Ontario,July,2016,147,a
Ontario,April,1999,146,a
Ontario,May,2011,145,a
Ontario,August,1996,144,a
Ontario,August,1993,144,a
Ontario,June,2016,141,a
Ontario,May,2013,140,a
Ontario,June,2009,140,a
Ontario,September,1991,138,a
Ontario,March,1995,137,a
Ontario,April,2012,136,a
Ontario,April,1997,136,a
Ontario,July,2003,133,a
Ontario,June,2015,132,a
Ontario,August,2008,132,a
Ontario,June,2011,129,a
Ontario,June,1993,129,a
Ontario,April,1995,128,a
Ontario,September,1998,127,a
Ontario,May,2015,126,a
Ontario,June,2012,125,a
Ontario,September,1995,125,a
Ontario,June,2013,122,a
Ontario,May,2003,121,a
Ontario,July,2000,117,a
Ontario,August,2015,116,a
Ontario,August,2020,115,a
Ontario,May,2001,115,a
Ontario,August,2016,113,a
Ontario,April,1993,112,a
Ontario,June,1990,111,a
Ontario,May,2009,110,a
Ontario,September,2001,109,a
Ontario,August,2013,105,a
Ontario,April,2007,105,a
Ontario,May,2002,105,a
Ontario,June,2019,103,a
Ontario,July,2004,101,a
Ontario,August,2004,99,a
Ontario,April,2000,99,a
Ontario,April,2003,95,a
Ontario,August,1992,94,a
Ontario,June,2007,92,a
Ontario,September,1997,90,a
Ontario,May,2000,88,a
Ontario,May,2020,86,a
Ontario,July,2014,86,a
Ontario,April,2005,86,a
Ontario,June,2002,85,a
Ontario,June,2010,83,a
Ontario,April,2006,83,a
Ontario,October,2000,83,a
Ontario,August,2010,80,a
Ontario,May,2008,79,a
Ontario,June,2004,79,a
Ontario,August,2014,77,a
Ontario,June,2014,73,a
Ontario,September,1996,73,a
Ontario,June,2020,70,a
Ontario,April,2015,64,a
Ontario,May,2004,64,a
Ontario,September,1999,64,a
Ontario,March,1990,62,a
Ontario,July,1992,60,a
Ontario,July,1994,59,a
Ontario,May,2019,58,a
Ontario,October,2011,58,a
Ontario,April,1992,58,a
Ontario,September,2018,55,a
Ontario,September,2015,55,a
Ontario,August,1994,55,a
Ontario,May,2014,54,a
Ontario,April,2001,52,a
Ontario,September,2007,49,a
Ontario,May,2017,46,a
Ontario,September,2009,46,a
Ontario,June,2000,44,a
Ontario,July,2009,42,a
Ontario,June,2017,40,a
Ontario,September,2004,40,a
Ontario,December,2003,40,a
Ontario,September,2017,38,a
Ontario,April,2016,38,a
Ontario,September,2000,38,a
Ontario,March,2003,37,a
Ontario,October,1995,36,a
Ontario,July,2008,35,a
Ontario,March,2010,34,a
Ontario,June,2008,34,a
Ontario,April,2004,34,a
Ontario,October,1998,32,a
Ontario,September,2003,31,a
Ontario,October,1990,31,a
Ontario,October,2017,30,a
Ontario,April,2011,30,a
Ontario,April,1996,30,a
Ontario,April,2008,29,a
Ontario,January,2003,28,a
Ontario,October,1994,27,a
Ontario,September,1994,27,a
Ontario,April,2002,26,a
Ontario,February,2003,25,a
Ontario,April,2009,24,a
Ontario,April,2017,23,a
Ontario,October,2010,23,a
Ontario,September,2008,23,a
Ontario,November,2003,23,a
Ontario,April,2020,22,a
Ontario,September,2016,22,a
Ontario,September,2013,20,a
Ontario,August,2009,20,a
Ontario,April,2019,19,a
Ontario,April,2013,19,a
Ontario,October,2006,19,a
Ontario,April,2018,18,a
Ontario,October,2004,18,a
Ontario,October,2003,18,a
Ontario,October,1997,18,a
Ontario,March,2000,17,a
Ontario,March,2012,16,a
Ontario,November,1990,16,a
Ontario,March,2007,15,a
Ontario,October,2015,14,a
Ontario,October,2005,14,a
Ontario,September,2020,13,a
Ontario,October,2012,13,a
Ontario,September,2010,12,a
Ontario,November,1991,12,a
Ontario,March,1991,12,a
Ontario,October,2016,11,a
Ontario,March,1998,11,a
Ontario,October,1996,11,a
Ontario,September,1993,11,a
Ontario,October,1992,11,a
Ontario,October,1991,11,a
Ontario,September,2019,10,a
Ontario,October,2001,10,a
Ontario,October,1993,10,a
Ontario,October,2008,9,a
Ontario,October,2013,8,a
Ontario,October,2002,8,a
Ontario,November,1998,8,a
Ontario,September,1992,8,a
Ontario,September,2014,7,a
Ontario,November,2000,7,a
Ontario,March,1996,7,a
Ontario,November,1994,7,a
Ontario,October,2014,6,a
Ontario,October,2009,6,a
Ontario,March,1999,6,a
Ontario,March,2018,5,a
Ontario,March,2016,5,a
Ontario,April,2014,5,a
Ontario,October,2007,5,a
Ontario,October,2019,4,a
Ontario,March,2017,4,a
Ontario,November,2016,4,a
Ontario,November,2011,4,a
Ontario,October,1999,4,a
Ontario,March,1994,4,a
Ontario,November,1993,4,a
Ontario,October,2020,3,a
Ontario,December,2011,3,a
Ontario,March,2006,3,a
Ontario,November,2005,3,a
Ontario,Unspecified,2000,3,a
Ontario,November,1999,3,a
Ontario,March,2020,2,a
Ontario,March,2019,2,a
Ontario,March,2015,2,a
Ontario,November,2012,2,a
Ontario,November,2010,2,a
Ontario,Unspecified,2009,2,a
Ontario,Unspecified,2008,2,a
Ontario,February,2007,2,a
Ontario,November,2006,2,a
Ontario,November,2001,2,a
Ontario,December,1998,2,a
Ontario,Unspecified,1997,2,a
Ontario,November,1995,2,a
Ontario,December,1993,2,a
Ontario,March,1992,2,a
Ontario,December,2018,1,a
Ontario,February,2017,1,a
Ontario,December,2015,1,a
Ontario,March,2014,1,a
Ontario,January,2012,1,a
Ontario,Unspecified,2011,1,a
Ontario,January,2009,1,a
Ontario,November,2008,1,a
Ontario,Unspecified,2007,1,a
Ontario,November,2007,1,a
Ontario,Unspecified,2006,1,a
Ontario,January,2006,1,a
Ontario,Unspecified,2002,1,a
Ontario,November,2002,1,a
Ontario,March,2002,1,a
Ontario,March,2001,1,a
Ontario,January,2001,1,a
Ontario,February,2000,1,a
Ontario,February,1999,1,a
Ontario,November,1997,1,a
Ontario,Unspecified,1996,1,a
Ontario,March,1993,1,a
Ontario,December,1991,1,a
Parks Canada,Unspecified,2021,73,e
Prince Edward Island,May,1993,26,a
Prince Edward Island,May,1997,20,a
Prince Edward Island,April,1991,17,a
Prince Edward Island,May,1991,16,a
Prince Edward Island,May,2004,14,a
Prince Edward Island,May,1998,14,a
Prince Edward Island,May,1992,14,a
Prince Edward Island,May,2006,13,a
Prince Edward Island,May,2002,13,a
Prince Edward Island,August,2001,13,a
Prince Edward Island,May,1999,13,a
Prince Edward Island,May,1990,13,a
Prince Edward Island,April,1994,12,a
Prince Edward Island,May,1995,11,a
Prince Edward Island,April,2006,10,a
Prince Edward Island,October,2001,10,a
Prince Edward Island,March,2006,9,a
Prince Edward Island,April,2005,8,a
Prince Edward Island,June,1991,8,a
Prince Edward Island,June,1990,8,a
Prince Edward Island,May,2018,7,a
Prince Edward Island,May,2003,7,a
Prince Edward Island,May,2001,7,a
Prince Edward Island,June,1997,7,a
Prince Edward Island,August,1995,7,a
Prince Edward Island,November,1994,7,a
Prince Edward Island,August,1994,7,a
Prince Edward Island,April,1992,7,a
Prince Edward Island,April,1990,7,a
Prince Edward Island,July,2002,6,a
Prince Edward Island,September,2001,6,a
Prince Edward Island,July,2001,6,a
Prince Edward Island,September,1999,6,a
Prince Edward Island,July,1999,6,a
Prince Edward Island,August,1998,6,a
Prince Edward Island,July,1990,6,a
Prince Edward Island,April,2016,5,a
Prince Edward Island,Unspecified,2015,5,a
Prince Edward Island,May,2009,5,a
Prince Edward Island,Unspecified,2017,4,a
Prince Edward Island,April,2013,4,a
Prince Edward Island,July,2008,4,a
Prince Edward Island,May,2007,4,a
Prince Edward Island,April,2007,4,a
Prince Edward Island,August,2002,4,a
Prince Edward Island,September,1995,4,a
Prince Edward Island,October,1994,4,a
Prince Edward Island,July,1994,4,a
Prince Edward Island,May,2013,3,a
Prince Edward Island,May,2012,3,a
Prince Edward Island,May,2010,3,a
Prince Edward Island,April,2009,3,a
Prince Edward Island,June,2004,3,a
Prince Edward Island,September,2002,3,a
Prince Edward Island,June,2001,3,a
Prince Edward Island,June,1999,3,a
Prince Edward Island,July,1998,3,a
Prince Edward Island,July,1995,3,a
Prince Edward Island,September,1994,3,a
Prince Edward Island,June,1994,3,a
Prince Edward Island,May,1994,3,a
Prince Edward Island,June,1992,3,a
Prince Edward Island,July,1991,3,a
Prince Edward Island,May,2016,2,a
Prince Edward Island,June,2014,2,a
Prince Edward Island,April,2012,2,a
Prince Edward Island,April,2011,2,a
Prince Edward Island,June,2006,2,a
Prince Edward Island,September,2003,2,a
Prince Edward Island,April,2003,2,a
Prince Edward Island,April,2002,2,a
Prince Edward Island,October,1999,2,a
Prince Edward Island,April,1999,2,a
Prince Edward Island,June,1998,2,a
Prince Edward Island,August,1997,2,a
Prince Edward Island,July,1997,2,a
Prince Edward Island,April,1997,2,a
Prince Edward Island,October,1995,2,a
Prince Edward Island,June,1995,2,a
Prince Edward Island,June,1993,2,a
Prince Edward Island,September,1992,2,a
Prince Edward Island,August,1991,2,a
Prince Edward Island,March,1991,2,a
Prince Edward Island,November,1990,2,a
Prince Edward Island,Unspecified,2021,1,e
Prince Edward Island,December,2019,1,a
Prince Edward Island,August,2019,1,a
Prince Edward Island,April,2019,1,a
Prince Edward Island,September,2018,1,a
Prince Edward Island,September,2016,1,a
Prince Edward Island,September,2014,1,a
Prince Edward Island,May,2014,1,a
Prince Edward Island,August,2013,1,a
Prince Edward Island,July,2013,1,a
Prince Edward Island,June,2013,1,a
Prince Edward Island,May,2013,1,a
Prince Edward Island,August,2012,1,a
Prince Edward Island,July,2012,1,a
Prince Edward Island,June,2012,1,a
Prince Edward Island,September,2011,1,a
Prince Edward Island,May,2011,1,a
Prince Edward Island,April,2010,1,a
Prince Edward Island,November,2008,1,a
Prince Edward Island,June,2008,1,a
Prince Edward Island,February,2007,1,a
Prince Edward Island,November,2006,1,a
Prince Edward Island,August,2006,1,a
Prince Edward Island,December,2005,1,a
Prince Edward Island,November,2005,1,a
Prince Edward Island,August,2005,1,a
Prince Edward Island,June,2005,1,a
Prince Edward Island,May,2005,1,a
Prince Edward Island,October,2004,1,a
Prince Edward Island,August,2004,1,a
Prince Edward Island,April,2004,1,a
Prince Edward Island,November,2003,1,a
Prince Edward Island,October,2003,1,a
Prince Edward Island,August,2003,1,a
Prince Edward Island,October,2002,1,a
Prince Edward Island,November,2001,1,a
Prince Edward Island,November,1999,1,a
Prince Edward Island,March,1999,1,a
Prince Edward Island,October,1998,1,a
Prince Edward Island,April,1998,1,a
Prince Edward Island,October,1997,1,a
Prince Edward Island,September,1993,1,a
Prince Edward Island,October,1992,1,a
Prince Edward Island,September,1990,1,a
Prince Edward Island,August,1990,1,a
Prince Edward Island,December,2017,0,a
Prince Edward Island,November,2017,0,a
Prince Edward Island,October,2017,0,a
Prince Edward Island,September,2017,0,a
Prince Edward Island,August,2017,0,a
Prince Edward Island,July,2017,0,a
Prince Edward Island,June,2017,0,a
Prince Edward Island,May,2017,0,a
Prince Edward Island,April,2017,0,a
Prince Edward Island,March,2017,0,a
Prince Edward Island,February,2017,0,a
Prince Edward Island,January,2017,0,a
Prince Edward Island,Unspecified,2016,0,a
Prince Edward Island,December,2016,0,a
Prince Edward Island,November,2016,0,a
Prince Edward Island,October,2016,0,a
Prince Edward Island,August,2016,0,a
Prince Edward Island,July,2016,0,a
Prince Edward Island,June,2016,0,a
Prince Edward Island,March,2016,0,a
Prince Edward Island,February,2016,0,a
Prince Edward Island,January,2016,0,a
Prince Edward Island,Unspecified,2013,0,a
Prince Edward Island,December,2013,0,a
Prince Edward Island,November,2013,0,a
Prince Edward Island,October,2013,0,a
Prince Edward Island,September,2013,0,a
Prince Edward Island,March,2013,0,a
Prince Edward Island,February,2013,0,a
Prince Edward Island,January,2013,0,a
Prince Edward Island,Unspecified,2012,0,a
Prince Edward Island,December,2012,0,a
Prince Edward Island,November,2012,0,a
Prince Edward Island,October,2012,0,a
Prince Edward Island,September,2012,0,a
Prince Edward Island,March,2012,0,a
Prince Edward Island,February,2012,0,a
Prince Edward Island,January,2012,0,a
Prince Edward Island,Unspecified,2011,0,a
Prince Edward Island,December,2011,0,a
Prince Edward Island,November,2011,0,a
Prince Edward Island,October,2011,0,a
Prince Edward Island,August,2011,0,a
Prince Edward Island,July,2011,0,a
Prince Edward Island,June,2011,0,a
Prince Edward Island,March,2011,0,a
Prince Edward Island,February,2011,0,a
Prince Edward Island,January,2011,0,a
Prince Edward Island,Unspecified,2010,0,a
Prince Edward Island,December,2010,0,a
Prince Edward Island,November,2010,0,a
Prince Edward Island,October,2010,0,a
Prince Edward Island,September,2010,0,a
Prince Edward Island,August,2010,0,a
Prince Edward Island,July,2010,0,a
Prince Edward Island,June,2010,0,a
Prince Edward Island,March,2010,0,a
Prince Edward Island,February,2010,0,a
Prince Edward Island,January,2010,0,a
Prince Edward Island,Unspecified,2009,0,a
Prince Edward Island,December,2009,0,a
Prince Edward Island,November,2009,0,a
Prince Edward Island,October,2009,0,a
Prince Edward Island,September,2009,0,a
Prince Edward Island,August,2009,0,a
Prince Edward Island,July,2009,0,a
Prince Edward Island,June,2009,0,a
Prince Edward Island,March,2009,0,a
Prince Edward Island,February,2009,0,a
Prince Edward Island,January,2009,0,a
Prince Edward Island,Unspecified,2008,0,a
Prince Edward Island,December,2008,0,a
Prince Edward Island,November,2008,0,a
Prince Edward Island,October,2008,0,a
Prince Edward Island,September,2008,0,a
Prince Edward Island,August,2008,0,a
Prince Edward Island,June,2008,0,a
Prince Edward Island,May,2008,0,a
Prince Edward Island,April,2008,0,a
Prince Edward Island,March,2008,0,a
Prince Edward Island,February,2008,0,a
Prince Edward Island,January,2008,0,a
Prince Edward Island,Unspecified,2007,0,a
Prince Edward Island,December,2007,0,a
Prince Edward Island,November,2007,0,a
Prince Edward Island,October,2007,0,a
Prince Edward Island,September,2007,0,a
Prince Edward Island,August,2007,0,a
Prince Edward Island,July,2007,0,a
Prince Edward Island,June,2007,0,a
Prince Edward Island,March,2007,0,a
Prince Edward Island,February,2007,0,a
Prince Edward Island,January,2007,0,a
Prince Edward Island,Unspecified,2006,0,a
Prince Edward Island,December,2006,0,a
Prince Edward Island,October,2006,0,a
Prince Edward Island,September,2006,0,a
Prince Edward Island,July,2006,0,a
Prince Edward Island,February,2006,0,a
Prince Edward Island,January,2006,0,a
Prince Edward Island,Unspecified,2005,0,a
Prince Edward Island,October,2005,0,a
Prince Edward Island,September,2005,0,a
Prince Edward Island,July,2005,0,a
Prince Edward Island,March,2005,0,a
Prince Edward Island,February,2005,0,a
Prince Edward Island,January,2005,0,a
Prince Edward Island,Unspecified,2004,0,a
Prince Edward Island,December,2004,0,a
Prince Edward Island,November,2004,0,a
Prince Edward Island,September,2004,0,a
Prince Edward Island,July,2004,0,a
Prince Edward Island,March,2004,0,a
Prince Edward Island,February,2004,0,a
Prince Edward Island,January,2004,0,a
Prince Edward Island,Unspecified,2003,0,a
Prince Edward Island,December,2003,0,a
Prince Edward Island,July,2003,0,a
Prince Edward Island,June,2003,0,a
Prince Edward Island,March,2003,0,a
Prince Edward Island,February,2003,0,a
Prince Edward Island,January,2003,0,a
Prince Edward Island,Unspecified,2002,0,a
Prince Edward Island,December,2002,0,a
Prince Edward Island,November,2002,0,a
Prince Edward Island,June,2002,0,a
Prince Edward Island,March,2002,0,a
Prince Edward Island,February,2002,0,a
Prince Edward Island,January,2002,0,a
Prince Edward Island,Unspecified,2001,0,a
Prince Edward Island,December,2001,0,a
Prince Edward Island,April,2001,0,a
Prince Edward Island,March,2001,0,a
Prince Edward Island,February,2001,0,a
Prince Edward Island,January,2001,0,a
Prince Edward Island,Unspecified,1999,0,a
Prince Edward Island,December,1999,0,a
Prince Edward Island,August,1999,0,a
Prince Edward Island,February,1999,0,a
Prince Edward Island,January,1999,0,a
Prince Edward Island,Unspecified,1998,0,a
Prince Edward Island,December,1998,0,a
Prince Edward Island,February,1998,0,a
Prince Edward Island,January,1998,0,a
Prince Edward Island,Unspecified,1997,0,a
Prince Edward Island,December,1997,0,a
Prince Edward Island,February,1997,0,a
Prince Edward Island,January,1997,0,a
Prince Edward Island,Unspecified,1996,0,a
Prince Edward Island,December,1996,0,a
Prince Edward Island,November,1996,0,a
Prince Edward Island,October,1996,0,a
Prince Edward Island,September,1996,0,a
Prince Edward Island,August,1996,0,a
Prince Edward Island,July,1996,0,a
Prince Edward Island,June,1996,0,a
Prince Edward Island,May,1996,0,a
Prince Edward Island,April,1996,0,a
Prince Edward Island,March,1996,0,a
Prince Edward Island,February,1996,0,a
Prince Edward Island,January,1996,0,a
Prince Edward Island,Unspecified,1995,0,a
Prince Edward Island,December,1995,0,a
Prince Edward Island,November,1995,0,a
Prince Edward Island,April,1995,0,a
Prince Edward Island,March,1995,0,a
Prince Edward Island,February,1995,0,a
Prince Edward Island,January,1995,0,a
Prince Edward Island,Unspecified,1994,0,a
Prince Edward Island,December,1994,0,a
Prince Edward Island,March,1994,0,a
Prince Edward Island,February,1994,0,a
Prince Edward Island,January,1994,0,a
Prince Edward Island,Unspecified,1993,0,a
Prince Edward Island,December,1993,0,a
Prince Edward Island,November,1993,0,a
Prince Edward Island,October,1993,0,a
Prince Edward Island,August,1993,0,a
Prince Edward Island,July,1993,0,a
Prince Edward Island,April,1993,0,a
Prince Edward Island,March,1993,0,a
Prince Edward Island,February,1993,0,a
Prince Edward Island,January,1993,0,a
Prince Edward Island,Unspecified,1992,0,a
Prince Edward Island,December,1992,0,a
Prince Edward Island,November,1992,0,a
Prince Edward Island,August,1992,0,a
Prince Edward Island,July,1992,0,a
Prince Edward Island,March,1992,0,a
Prince Edward Island,February,1992,0,a
Prince Edward Island,January,1992,0,a
Prince Edward Island,Unspecified,1991,0,a
Prince Edward Island,December,1991,0,a
Prince Edward Island,November,1991,0,a
Prince Edward Island,October,1991,0,a
Prince Edward Island,September,1991,0,a
Prince Edward Island,February,1991,0,a
Prince Edward Island,January,1991,0,a
Prince Edward Island,Unspecified,1990,0,a
Prince Edward Island,December,1990,0,a
Prince Edward Island,October,1990,0,a
Prince Edward Island,March,1990,0,a
Prince Edward Island,February,1990,0,a
Prince Edward Island,January,1990,0,a
Prince Edward Island,December,2015,,a
Prince Edward Island,November,2015,,a
Prince Edward Island,October,2015,,a
Prince Edward Island,September,2015,,a
Prince Edward Island,August,2015,,a
Prince Edward Island,July,2015,,a
Prince Edward Island,June,2015,,a
Prince Edward Island,May,2015,,a
Prince Edward Island,April,2015,,a
Prince Edward Island,March,2015,,a
Prince Edward Island,February,2015,,a
Prince Edward Island,January,2015,,a
Prince Edward Island,Unspecified,2014,,a
Prince Edward Island,December,2014,,a
Prince Edward Island,November,2014,,a
Prince Edward Island,October,2014,,a
Prince Edward Island,August,2014,,a
Prince Edward Island,July,2014,,a
Prince Edward Island,April,2014,,a
Prince Edward Island,March,2014,,a
Prince Edward Island,February,2014,,a
Prince Edward Island,January,2014,,a
Prince Edward Island,Unspecified,2000,,a
Prince Edward Island,December,2000,,a
Prince Edward Island,November,2000,,a
Prince Edward Island,October,2000,,a
Prince Edward Island,September,2000,,a
Prince Edward Island,August,2000,,a
Prince Edward Island,July,2000,,a
Prince Edward Island,June,2000,,a
Prince Edward Island,May,2000,,a
Prince Edward Island,April,2000,,a
Prince Edward Island,March,2000,,a
Prince Edward Island,February,2000,,a
Prince Edward Island,January,2000,,a
Prince Edward Island,November,1998,,a
Prince Edward Island,September,1998,,a
Prince Edward Island,March,1998,,a
Prince Edward Island,November,1997,,a
Prince Edward Island,September,1997,,a
Prince Edward Island,March,1997,,a
Quebec,June,1996,706,a
Quebec,Unspecified,2021,625,e
Quebec,June,1995,470,a
Quebec,June,1997,436,a
Quebec,July,2005,431,a
Quebec,June,1991,408,a
Quebec,May,1992,405,a
Quebec,August,1995,367,a
Quebec,August,2001,324,a
Quebec,June,2007,319,a
Quebec,July,1991,318,a
Quebec,August,2005,313,a
Quebec,May,1999,311,a
Quebec,May,2001,296,a
Quebec,May,1998,279,a
Quebec,May,2020,277,a
Quebec,May,2007,271,a
Quebec,July,2012,268,a
Quebec,May,2005,259,a
Quebec,June,2006,256,a
Quebec,May,2003,254,a
Quebec,May,2010,251,a
Quebec,July,2002,249,a
Quebec,May,1991,220,a
Quebec,May,1994,218,a
Quebec,May,1990,214,a
Quebec,May,2015,213,a
Quebec,August,1996,209,a
Quebec,September,2002,205,a
Quebec,July,2018,201,a
Quebec,June,1999,197,a
Quebec,June,2009,195,a
Quebec,June,2003,193,a
Quebec,August,2007,192,a
Quebec,May,2018,190,a
Quebec,May,1993,188,a
Quebec,May,2012,181,a
Quebec,June,1992,180,a
Quebec,July,1990,178,a
Quebec,June,2020,174,a
Quebec,August,1998,171,a
Quebec,July,1995,170,a
Quebec,August,2002,166,a
Quebec,August,1999,165,a
Quebec,May,2013,164,a
Quebec,May,1996,163,a
Quebec,August,1991,162,a
Quebec,June,2005,160,a
Quebec,June,2010,154,a
Quebec,August,1997,146,a
Quebec,July,1997,143,a
Quebec,July,2016,141,a
Quebec,July,1999,140,a
Quebec,May,1995,139,a
Quebec,June,1994,139,a
Quebec,June,1990,139,a
Quebec,July,2013,138,a
Quebec,August,1990,138,a
Quebec,July,2000,137,a
Quebec,July,2006,129,a
Quebec,July,1993,129,a
Quebec,May,2002,128,a
Quebec,June,2001,127,a
Quebec,June,2018,124,a
Quebec,May,2016,124,a
Quebec,July,2019,120,a
Quebec,September,1999,120,a
Quebec,June,2016,119,a
Quebec,September,1990,118,a
Quebec,April,1998,115,a
Quebec,April,2012,113,a
Quebec,June,1998,112,a
Quebec,July,2001,109,a
Quebec,April,2010,108,a
Quebec,May,2006,106,a
Quebec,July,1998,106,a
Quebec,July,2020,105,a
Quebec,April,2009,105,a
Quebec,September,2005,104,a
Quebec,April,2005,104,a
Quebec,May,2000,100,a
Quebec,April,2001,98,a
Quebec,June,1993,98,a
Quebec,August,2019,96,a
Quebec,August,2010,95,a
Quebec,June,2012,94,a
Quebec,May,2009,94,a
Quebec,April,2006,92,a
Quebec,April,1999,92,a
Quebec,September,1996,92,a
Quebec,August,2003,91,a
Quebec,June,2013,89,a
Quebec,July,2010,89,a
Quebec,July,2017,88,a
Quebec,April,2016,88,a
Quebec,August,2016,86,a
Quebec,August,2012,86,a
Quebec,June,2002,84,a
Quebec,May,2004,82,a
Quebec,April,2020,81,a
Quebec,August,1993,81,a
Quebec,April,2000,80,a
Quebec,June,2017,78,a
Quebec,July,2003,78,a
Quebec,May,2008,77,a
Quebec,June,2004,77,a
Quebec,June,2011,75,a
Quebec,June,2000,74,a
Quebec,June,2014,72,a
Quebec,July,2011,71,a
Quebec,August,2014,67,a
Quebec,July,2014,66,a
Quebec,April,2013,64,a
Quebec,April,1991,64,a
Quebec,May,2011,63,a
Quebec,July,2007,63,a
Quebec,May,1997,63,a
Quebec,June,2019,59,a
Quebec,August,1992,59,a
Quebec,April,1990,59,a
Quebec,August,2011,58,a
Quebec,August,2017,57,a
Quebec,May,2014,57,a
Quebec,July,1996,55,a
Quebec,May,2019,54,a
Quebec,July,1992,54,a
Quebec,September,2003,53,a
Quebec,April,2002,53,a
Quebec,September,1995,53,a
Quebec,August,2000,52,a
Quebec,August,2006,49,a
Quebec,June,2015,46,a
Quebec,October,1994,46,a
Quebec,September,2000,44,a
Quebec,October,1997,44,a
Quebec,April,1992,44,a
Quebec,September,2006,42,a
Quebec,September,2001,41,a
Quebec,July,2015,40,a
Quebec,August,2013,40,a
Quebec,July,2004,39,a
Quebec,April,2003,39,a
Quebec,August,2018,38,a
Quebec,April,2007,37,a
Quebec,August,2020,36,a
Quebec,June,2008,36,a
Quebec,September,2004,36,a
Quebec,August,2008,35,a
Quebec,September,1998,34,a
Quebec,May,2017,33,a
Quebec,April,2008,33,a
Quebec,April,1995,33,a
Quebec,September,2012,32,a
Quebec,September,2009,32,a
Quebec,April,2004,32,a
Quebec,April,1993,32,a
Quebec,September,1991,32,a
Quebec,August,2015,30,a
Quebec,August,1994,30,a
Quebec,April,2015,29,a
Quebec,September,2011,29,a
Quebec,October,2004,29,a
Quebec,October,1998,29,a
Quebec,October,2007,28,a
Quebec,September,2020,27,a
Quebec,July,1994,27,a
Quebec,October,2011,26,a
Quebec,August,2009,26,a
Quebec,September,2007,26,a
Quebec,August,2004,26,a
Quebec,April,2017,25,a
Quebec,October,2016,25,a
Quebec,October,2000,25,a
Quebec,October,1995,23,a
Quebec,October,2017,22,a
Quebec,September,1997,22,a
Quebec,September,2019,21,a
Quebec,September,2015,21,a
Quebec,September,2010,21,a
Quebec,July,2009,21,a
Quebec,April,1997,21,a
Quebec,October,1996,19,a
Quebec,September,2018,18,a
Quebec,July,2008,18,a
Quebec,September,2016,17,a
Quebec,September,1994,17,a
Quebec,September,2017,16,a
Quebec,October,2013,15,a
Quebec,September,2013,15,a
Quebec,April,1994,15,a
Quebec,April,2014,14,a
Quebec,March,2012,14,a
Quebec,September,1992,14,a
Quebec,October,2018,13,a
Quebec,April,2018,12,a
Quebec,September,2008,12,a
Quebec,October,2003,12,a
Quebec,September,2014,11,a
Quebec,March,2010,11,a
Quebec,October,2002,11,a
Quebec,September,1993,10,a
Quebec,October,2019,9,a
Quebec,October,2015,9,a
Quebec,October,2008,9,a
Quebec,March,1995,9,a
Quebec,October,2006,8,a
Quebec,October,2001,8,a
Quebec,November,1998,8,a
Quebec,November,2020,7,a
Quebec,October,2012,7,a
Quebec,October,2010,7,a
Quebec,November,2009,7,a
Quebec,November,1999,7,a
Quebec,November,1994,7,a
Quebec,October,1992,7,a
Quebec,October,1991,6,a
Quebec,November,2016,5,a
Quebec,October,2014,5,a
Quebec,November,2011,5,a
Quebec,October,1999,5,a
Quebec,April,1996,5,a
Quebec,November,1991,5,a
Quebec,November,2014,4,a
Quebec,April,2011,4,a
Quebec,November,2010,4,a
Quebec,November,2000,4,a
Quebec,October,1993,4,a
Quebec,October,1990,4,a
Quebec,October,2020,3,a
Quebec,April,2019,3,a
Quebec,November,2015,3,a
Quebec,November,2013,3,a
Quebec,November,2012,3,a
Quebec,November,2007,3,a
Quebec,October,2005,3,a
Quebec,March,2020,2,a
Quebec,November,2017,2,a
Quebec,Unspecified,2009,2,a
Quebec,October,2009,2,a
Quebec,November,2008,2,a
Quebec,November,2001,2,a
Quebec,November,1992,2,a
Quebec,November,2018,1,a
Quebec,February,2017,1,a
Quebec,December,2016,1,a
Quebec,March,2016,1,a
Quebec,December,2015,1,a
Quebec,March,2009,1,a
Quebec,Unspecified,2008,1,a
Quebec,November,2006,1,a
Quebec,March,2006,1,a
Quebec,November,2005,1,a
Quebec,November,2004,1,a
Quebec,November,2002,1,a
Quebec,March,2002,1,a
Quebec,February,2002,1,a
Quebec,March,2000,1,a
Quebec,November,1997,1,a
Quebec,November,1996,1,a
Quebec,November,1995,1,a
Quebec,November,1993,1,a
Quebec,March,1991,1,a
Quebec,March,1990,1,a
Saskatchewan,Unspecified,2021,635,e
Saskatchewan,July,1998,355,a
Saskatchewan,June,2002,345,a
Saskatchewan,August,1990,314,a
Saskatchewan,May,2002,292,a
Saskatchewan,May,1998,292,a
Saskatchewan,June,1995,283,a
Saskatchewan,June,1990,275,a
Saskatchewan,August,1991,272,a
Saskatchewan,June,2008,265,a
Saskatchewan,June,2015,258,a
Saskatchewan,July,1999,252,a
Saskatchewan,May,1995,222,a
Saskatchewan,July,2003,221,a
Saskatchewan,August,1998,220,a
Saskatchewan,May,1993,219,a
Saskatchewan,June,1998,216,a
Saskatchewan,June,1993,216,a
Saskatchewan,August,1992,215,a
Saskatchewan,June,2006,204,a
Saskatchewan,June,2009,201,a
Saskatchewan,June,2001,200,a
Saskatchewan,May,2015,195,a
Saskatchewan,May,2009,193,a
Saskatchewan,August,1994,193,a
Saskatchewan,July,2005,191,a
Saskatchewan,July,2010,190,a
Saskatchewan,July,2002,183,a
Saskatchewan,May,2018,178,a
Saskatchewan,May,2013,177,a
Saskatchewan,July,2012,169,a
Saskatchewan,August,1997,168,a
Saskatchewan,June,2010,166,a
Saskatchewan,July,2004,166,a
Saskatchewan,May,2008,161,a
Saskatchewan,July,1996,161,a
Saskatchewan,May,2001,158,a
Saskatchewan,August,1999,158,a
Saskatchewan,June,1999,158,a
Saskatchewan,August,2001,154,a
Saskatchewan,June,1994,153,a
Saskatchewan,June,1992,151,a
Saskatchewan,July,1997,150,a
Saskatchewan,July,1992,150,a
Saskatchewan,July,2015,148,a
Saskatchewan,August,2003,146,a
Saskatchewan,May,2011,144,a
Saskatchewan,May,2014,142,a
Saskatchewan,September,1994,142,a
Saskatchewan,August,2017,138,a
Saskatchewan,June,2000,137,a
Saskatchewan,May,2003,135,a
Saskatchewan,July,1990,130,a
Saskatchewan,May,1991,127,a
Saskatchewan,June,2018,125,a
Saskatchewan,June,2016,125,a
Saskatchewan,July,2007,124,a
Saskatchewan,June,1996,123,a
Saskatchewan,April,2001,121,a
Saskatchewan,July,2001,116,a
Saskatchewan,August,2013,115,a
Saskatchewan,May,2016,111,a
Saskatchewan,July,2014,111,a
Saskatchewan,July,1991,111,a
Saskatchewan,April,1998,107,a
Saskatchewan,May,2010,103,a
Saskatchewan,May,1992,103,a
Saskatchewan,May,1990,103,a
Saskatchewan,May,1999,100,a
Saskatchewan,July,2008,98,a
Saskatchewan,August,2014,97,a
Saskatchewan,May,1994,95,a
Saskatchewan,May,1997,92,a
Saskatchewan,May,2012,89,a
Saskatchewan,July,2000,89,a
Saskatchewan,April,2016,87,a
Saskatchewan,July,1995,85,a
Saskatchewan,July,1993,82,a
Saskatchewan,May,2004,80,a
Saskatchewan,April,2006,79,a
Saskatchewan,April,1991,79,a
Saskatchewan,May,2007,78,a
Saskatchewan,July,2006,77,a
Saskatchewan,May,2017,76,a
Saskatchewan,June,2007,76,a
Saskatchewan,May,2005,76,a
Saskatchewan,June,1991,75,a
Saskatchewan,April,2015,74,a
Saskatchewan,September,2001,74,a
Saskatchewan,July,1994,74,a
Saskatchewan,May,2019,73,a
Saskatchewan,June,2003,73,a
Saskatchewan,July,2017,72,a
Saskatchewan,August,2012,72,a
Saskatchewan,May,2000,72,a
Saskatchewan,September,1998,71,a
Saskatchewan,June,2011,68,a
Saskatchewan,August,2010,64,a
Saskatchewan,May,1996,62,a
Saskatchewan,July,2018,61,a
Saskatchewan,May,2006,60,a
Saskatchewan,June,2019,59,a
Saskatchewan,April,2009,59,a
Saskatchewan,July,2019,58,a
Saskatchewan,April,2010,56,a
Saskatchewan,July,2016,53,a
Saskatchewan,August,1996,53,a
Saskatchewan,June,1997,52,a
Saskatchewan,June,2013,51,a
Saskatchewan,April,1999,51,a
Saskatchewan,April,2018,50,a
Saskatchewan,April,1992,50,a
Saskatchewan,May,2020,49,a
Saskatchewan,September,2013,48,a
Saskatchewan,July,2013,48,a
Saskatchewan,April,2003,48,a
Saskatchewan,September,1991,48,a
Saskatchewan,August,2007,47,a
Saskatchewan,April,1993,47,a
Saskatchewan,August,2000,46,a
Saskatchewan,April,2000,46,a
Saskatchewan,September,1990,45,a
Saskatchewan,April,2007,44,a
Saskatchewan,October,2001,44,a
Saskatchewan,April,2019,41,a
Saskatchewan,August,2006,41,a
Saskatchewan,April,2012,40,a
Saskatchewan,August,2015,38,a
Saskatchewan,June,2012,38,a
Saskatchewan,September,2017,37,a
Saskatchewan,June,2014,37,a
Saskatchewan,June,2020,35,a
Saskatchewan,April,2002,35,a
Saskatchewan,June,2005,32,a
Saskatchewan,August,2020,31,a
Saskatchewan,August,2008,31,a
Saskatchewan,August,2004,31,a
Saskatchewan,October,1991,31,a
Saskatchewan,August,2018,30,a
Saskatchewan,August,1993,30,a
Saskatchewan,September,2009,29,a
Saskatchewan,September,2011,28,a
Saskatchewan,April,2008,28,a
Saskatchewan,April,1994,28,a
Saskatchewan,September,2020,27,a
Saskatchewan,Unspecified,2009,27,a
Saskatchewan,July,2020,26,a
Saskatchewan,June,2004,26,a
Saskatchewan,August,2016,23,a
Saskatchewan,September,1993,22,a
Saskatchewan,August,2002,21,a
Saskatchewan,March,1993,21,a
Saskatchewan,April,2011,20,a
Saskatchewan,October,2003,20,a
Saskatchewan,September,1995,20,a
Saskatchewan,July,2011,19,a
Saskatchewan,February,2006,19,a
Saskatchewan,April,2004,19,a
Saskatchewan,August,1995,18,a
Saskatchewan,September,1992,18,a
Saskatchewan,April,1990,18,a
Saskatchewan,August,2009,17,a
Saskatchewan,August,2005,17,a
Saskatchewan,April,2017,16,a
Saskatchewan,June,2017,15,a
Saskatchewan,September,2012,15,a
Saskatchewan,August,2011,15,a
Saskatchewan,April,2005,15,a
Saskatchewan,September,2003,15,a
Saskatchewan,September,2000,15,a
Saskatchewan,September,1997,15,a
Saskatchewan,September,1996,15,a
Saskatchewan,August,2019,14,a
Saskatchewan,July,2009,14,a
Saskatchewan,November,1991,14,a
Saskatchewan,October,2017,13,a
Saskatchewan,October,2011,13,a
Saskatchewan,April,2020,12,a
Saskatchewan,October,2015,12,a
Saskatchewan,October,2008,12,a
Saskatchewan,January,2006,11,a
Saskatchewan,October,2000,11,a
Saskatchewan,September,2014,10,a
Saskatchewan,September,2006,10,a
Saskatchewan,April,1997,10,a
Saskatchewan,April,1995,10,a
Saskatchewan,October,1994,10,a
Saskatchewan,October,1990,10,a
Saskatchewan,September,2016,9,a
Saskatchewan,December,2006,9,a
Saskatchewan,October,1995,9,a
Saskatchewan,November,2020,8,a
Saskatchewan,October,2020,8,a
Saskatchewan,September,2015,8,a
Saskatchewan,October,2018,7,a
Saskatchewan,Unspecified,2008,7,a
Saskatchewan,September,2008,7,a
Saskatchewan,March,2006,7,a
Saskatchewan,November,1999,7,a
Saskatchewan,October,1999,7,a
Saskatchewan,October,1992,7,a
Saskatchewan,October,2013,6,a
Saskatchewan,Unspecified,2002,6,a
Saskatchewan,September,1999,6,a
Saskatchewan,October,1998,6,a
Saskatchewan,April,1996,6,a
Saskatchewan,December,2019,5,a
Saskatchewan,April,2014,5,a
Saskatchewan,November,2006,5,a
Saskatchewan,September,2005,5,a
Saskatchewan,September,2002,5,a
Saskatchewan,April,2013,4,a
Saskatchewan,January,2001,4,a
Saskatchewan,March,2000,4,a
Saskatchewan,October,2019,3,a
Saskatchewan,October,2014,3,a
Saskatchewan,September,2007,3,a
Saskatchewan,October,2006,3,a
Saskatchewan,October,2004,3,a
Saskatchewan,September,2004,3,a
Saskatchewan,March,2002,3,a
Saskatchewan,February,2002,3,a
Saskatchewan,March,2001,3,a
Saskatchewan,October,1996,3,a
Saskatchewan,November,1995,3,a
Saskatchewan,October,1993,3,a
Saskatchewan,March,1992,3,a
Saskatchewan,March,2020,2,a
Saskatchewan,February,2020,2,a
Saskatchewan,November,2019,2,a
Saskatchewan,September,2019,2,a
Saskatchewan,November,2012,2,a
Saskatchewan,October,2012,2,a
Saskatchewan,October,2007,2,a
Saskatchewan,October,2005,2,a
Saskatchewan,February,2004,2,a
Saskatchewan,October,2002,2,a
Saskatchewan,January,2002,2,a
Saskatchewan,October,1997,2,a
Saskatchewan,November,1993,2,a
Saskatchewan,January,1993,2,a
Saskatchewan,November,1992,2,a
Saskatchewan,December,1991,2,a
Saskatchewan,January,1991,2,a
Saskatchewan,March,1990,2,a
Saskatchewan,January,2020,1,a
Saskatchewan,January,2019,1,a
Saskatchewan,September,2018,1,a
Saskatchewan,March,2017,1,a
Saskatchewan,November,2015,1,a
Saskatchewan,March,2015,1,a
Saskatchewan,March,2012,1,a
Saskatchewan,November,2011,1,a
Saskatchewan,October,2010,1,a
Saskatchewan,March,2010,1,a
Saskatchewan,January,2010,1,a
Saskatchewan,November,2009,1,a
Saskatchewan,January,2009,1,a
Saskatchewan,January,2008,1,a
Saskatchewan,November,2004,1,a
Saskatchewan,March,2004,1,a
Saskatchewan,February,2001,1,a
Saskatchewan,Unspecified,2000,1,a
Saskatchewan,January,2000,1,a
Saskatchewan,March,1999,1,a
Saskatchewan,December,1998,1,a
Saskatchewan,February,1996,1,a
Saskatchewan,January,1996,1,a
Saskatchewan,December,1995,1,a
Saskatchewan,March,1994,1,a
Saskatchewan,January,1994,1,a
Saskatchewan,February,1993,1,a
Saskatchewan,March,1991,1,a
Yukon,June,2004,138,a
Yukon,July,1994,113,a
Yukon,Unspecified,2021,112,e
Yukon,June,1991,109,a
Yukon,June,2013,100,a
Yukon,July,2004,100,a
Yukon,May,2015,95,a
Yukon,June,2015,83,a
Yukon,June,1995,80,a
Yukon,June,2012,74,a
Yukon,July,1998,73,a
Yukon,August,1994,73,a
Yukon,June,1996,72,a
Yukon,July,1992,72,a
Yukon,July,1990,69,a
Yukon,July,2019,64,a
Yukon,August,1999,61,a
Yukon,July,2009,60,a
Yukon,June,2007,50,a
Yukon,June,1999,49,a
Yukon,July,1993,48,a
Yukon,June,1994,47,a
Yukon,June,2017,45,a
Yukon,June,2005,45,a
Yukon,June,1993,45,a
Yukon,May,1998,44,a
Yukon,July,1996,44,a
Yukon,June,2008,40,a
Yukon,August,2013,39,a
Yukon,June,2010,38,a
Yukon,July,1997,37,a
Yukon,July,2006,36,a
Yukon,June,2000,36,a
Yukon,July,1999,36,a
Yukon,June,1998,36,a
Yukon,August,1998,35,a
Yukon,June,1997,34,a
Yukon,August,2004,33,a
Yukon,July,1991,33,a
Yukon,July,2017,32,a
Yukon,June,2006,32,a
Yukon,August,1990,32,a
Yukon,May,1995,31,a
Yukon,June,2009,30,a
Yukon,June,2003,30,a
Yukon,June,2002,30,a
Yukon,June,2001,30,a
Yukon,July,2013,29,a
Yukon,July,2012,29,a
Yukon,May,1991,28,a
Yukon,June,1992,26,a
Yukon,May,2019,25,a
Yukon,August,2017,25,a
Yukon,July,2007,25,a
Yukon,May,2011,24,a
Yukon,May,1997,23,a
Yukon,July,1995,22,a
Yukon,July,2018,21,a
Yukon,May,1993,21,a
Yukon,May,2010,20,a
Yukon,July,2005,20,a
Yukon,July,2003,20,a
Yukon,July,2001,20,a
Yukon,July,2016,19,a
Yukon,August,2012,19,a
Yukon,July,2002,19,a
Yukon,May,1996,19,a
Yukon,June,1990,19,a
Yukon,June,2019,18,a
Yukon,July,2010,18,a
Yukon,May,2002,17,a
Yukon,August,2009,16,a
Yukon,May,1994,16,a
Yukon,June,2016,15,a
Yukon,August,2007,15,a
Yukon,May,1990,15,a
Yukon,June,2014,14,a
Yukon,July,2011,14,a
Yukon,September,1990,14,a
Yukon,June,2011,13,a
Yukon,May,2003,13,a
Yukon,August,1997,13,a
Yukon,May,2005,12,a
Yukon,August,2018,11,a
Yukon,June,2018,11,a
Yukon,May,2008,11,a
Yukon,June,2020,10,a
Yukon,July,2014,10,a
Yukon,August,2010,10,a
Yukon,August,2008,10,a
Yukon,October,2007,10,a
Yukon,May,2007,10,a
Yukon,May,1999,10,a
Yukon,September,1993,10,a
Yukon,August,1993,10,a
Yukon,May,2017,9,a
Yukon,May,2009,9,a
Yukon,August,2001,9,a
Yukon,August,1992,9,a
Yukon,May,1992,9,a
Yukon,August,1991,9,a
Yukon,August,2016,8,a
Yukon,May,2016,8,a
Yukon,May,2001,8,a
Yukon,Unspecified,2000,8,a
Yukon,May,2000,8,a
Yukon,April,1991,8,a
Yukon,May,2020,7,a
Yukon,May,2013,7,a
Yukon,September,1998,7,a
Yukon,August,1996,7,a
Yukon,May,2018,6,a
Yukon,December,2008,6,a
Yukon,July,2008,6,a
Yukon,August,1995,6,a
Yukon,July,2015,5,a
Yukon,August,2014,5,a
Yukon,August,2006,5,a
Yukon,September,2004,5,a
Yukon,May,2004,5,a
Yukon,November,2003,5,a
Yukon,April,1994,5,a
Yukon,July,2020,4,a
Yukon,August,2019,4,a
Yukon,April,2019,4,a
Yukon,May,2014,4,a
Yukon,May,2012,4,a
Yukon,August,2005,4,a
Yukon,August,2003,4,a
Yukon,August,2002,4,a
Yukon,April,1995,4,a
Yukon,September,2019,3,a
Yukon,April,2017,3,a
Yukon,September,2011,3,a
Yukon,December,2009,3,a
Yukon,May,2006,3,a
Yukon,April,2003,3,a
Yukon,July,2000,3,a
Yukon,September,1997,3,a
Yukon,September,1996,3,a
Yukon,April,1990,3,a
Yukon,September,2020,2,a
Yukon,April,2016,2,a
Yukon,August,2015,2,a
Yukon,September,2013,2,a
Yukon,October,2010,2,a
Yukon,September,2008,2,a
Yukon,September,2006,2,a
Yukon,September,2003,2,a
Yukon,April,1999,2,a
Yukon,April,1998,2,a
Yukon,October,1997,2,a
Yukon,April,1996,2,a
Yukon,March,1996,2,a
Yukon,September,1995,2,a
Yukon,October,1990,2,a
Yukon,August,2020,1,a
Yukon,September,2018,1,a
Yukon,April,2018,1,a
Yukon,September,2017,1,a
Yukon,September,2016,1,a
Yukon,September,2015,1,a
Yukon,April,2014,1,a
Yukon,September,2012,1,a
Yukon,August,2011,1,a
Yukon,April,2011,1,a
Yukon,January,2010,1,a
Yukon,October,2008,1,a
Yukon,April,2007,1,a
Yukon,October,2006,1,a
Yukon,April,2006,1,a
Yukon,September,2005,1,a
Yukon,April,2005,1,a
Yukon,October,2004,1,a
Yukon,April,2001,1,a
Yukon,September,1999,1,a
Yukon,Unspecified,1998,1,a
Yukon,Unspecified,1995,1,a
Yukon,November,1995,1,a
Yukon,March,1995,1,a
Yukon,September,1994,1,a
Yukon,October,1993,1,a
Yukon,April,1993,1,a
